-- MySQL dump 10.17  Distrib 10.3.16-MariaDB, for Win64 (AMD64)
--
-- Host: localhost    Database: prod
-- ------------------------------------------------------
-- Server version	10.3.16-MariaDB

/*!40101 SET @OLD_CHARACTER_SET_CLIENT=@@CHARACTER_SET_CLIENT */;
/*!40101 SET @OLD_CHARACTER_SET_RESULTS=@@CHARACTER_SET_RESULTS */;
/*!40101 SET @OLD_COLLATION_CONNECTION=@@COLLATION_CONNECTION */;
/*!40101 SET NAMES utf8mb4 */;
/*!40103 SET @OLD_TIME_ZONE=@@TIME_ZONE */;
/*!40103 SET TIME_ZONE='+00:00' */;
/*!40014 SET @OLD_UNIQUE_CHECKS=@@UNIQUE_CHECKS, UNIQUE_CHECKS=0 */;
/*!40014 SET @OLD_FOREIGN_KEY_CHECKS=@@FOREIGN_KEY_CHECKS, FOREIGN_KEY_CHECKS=0 */;
/*!40101 SET @OLD_SQL_MODE=@@SQL_MODE, SQL_MODE='NO_AUTO_VALUE_ON_ZERO' */;
/*!40111 SET @OLD_SQL_NOTES=@@SQL_NOTES, SQL_NOTES=0 */;

--
-- Table structure for table `bitacora`
--

DROP TABLE IF EXISTS `bitacora`;
/*!40101 SET @saved_cs_client     = @@character_set_client */;
/*!40101 SET character_set_client = utf8 */;
CREATE TABLE `bitacora` (
  `ID` int(11) NOT NULL,
  `COD_USU` int(11) DEFAULT NULL,
  `FECHA` date DEFAULT NULL,
  `HORA` time DEFAULT NULL,
  `ACCION` varchar(512) CHARACTER SET utf8 COLLATE utf8_bin DEFAULT NULL,
  PRIMARY KEY (`ID`),
  KEY `FK_REFERENCE_11` (`COD_USU`),
  CONSTRAINT `FK_REFERENCE_11` FOREIGN KEY (`COD_USU`) REFERENCES `usuario` (`COD_USU`)
) ENGINE=InnoDB DEFAULT CHARSET=utf8 COLLATE=utf8_spanish_ci;
/*!40101 SET character_set_client = @saved_cs_client */;

--
-- Dumping data for table `bitacora`
--

LOCK TABLES `bitacora` WRITE;
/*!40000 ALTER TABLE `bitacora` DISABLE KEYS */;
INSERT INTO `bitacora` VALUES (1,1,'2019-12-19','01:33:31','Error al añadir nuevo usuario : Alexandracon codigo: 0\rError: System.IndexOutOfRangeException: Índice fuera de los límites de la matriz.\r\n   en Sistema_Ventas.Usuario.Addusu(String[] datos) en C:UsersInsaneDocumentsPropiosSistemasEditar y pruebaSistema Ventas ServerSistema VentasUsuario.vb:línea 95'),(2,2,'2019-12-19','01:35:52','Nuevo usuario registrado: \r de nombre: Bocinas'),(3,2,'2019-12-19','05:10:25','Nuevo usuario registrado: \r de nombre: Mouse'),(4,2,'2019-12-19','18:38:38','producto eliminado correctamente\r de codigo: 798302161849'),(5,2,'2019-12-19','18:38:53','producto no se elimino\r de codigo: 798420163718\rError: MySql.Data.MySqlClient.MySqlException (0x80004005): Cannot delete or update a parent row: a foreign key constraint fails (`prod`.`ventadetalle`, CONSTRAINT `FK_REFERENCE_13` FOREIGN KEY (`CODIGO_P`) REFERENCES `producto` (`CODIGO_P`))\r\n   en MySql.Data.MySqlClient.MySqlStream.ReadPacket()\r\n   en MySql.Data.MySqlClient.NativeDriver.GetResult(Int32& affectedRow, Int64& insertedId)\r\n   en MySql.Data.MySqlClient.Driver.GetResult(Int32 statementId, Int32& af'),(6,2,'2019-12-19','18:39:06','producto no se elimino\r de codigo: 798420163718\rError: MySql.Data.MySqlClient.MySqlException (0x80004005): Cannot delete or update a parent row: a foreign key constraint fails (`prod`.`ventadetalle`, CONSTRAINT `FK_REFERENCE_13` FOREIGN KEY (`CODIGO_P`) REFERENCES `producto` (`CODIGO_P`))\r\n   en MySql.Data.MySqlClient.MySqlStream.ReadPacket()\r\n   en MySql.Data.MySqlClient.NativeDriver.GetResult(Int32& affectedRow, Int64& insertedId)\r\n   en MySql.Data.MySqlClient.Driver.GetResult(Int32 statementId, Int32& af'),(7,2,'2019-12-19','19:03:58','Nuevo usuario registrado: \r de nombre: Teclado Revenger XTK520s'),(8,2,'2019-12-19','19:06:39','Nuevo usuario registrado: \r de nombre: Teclado Provocateur XTK500s'),(9,2,'2019-12-19','19:08:57','Nuevo usuario registrado: \r de nombre: ComboTeclado y Mouse'),(10,2,'2019-12-19','19:10:54','Nuevo usuario registrado: \r de nombre: Teclado Logitech'),(11,2,'2019-12-19','19:13:23','Nuevo usuario registrado: \r de nombre: Teclado y Mouse'),(12,2,'2019-12-19','19:17:50','Nuevo usuario registrado: \r de nombre: Audifonos  JAM'),(13,2,'2019-12-19','19:20:08','Nuevo usuario registrado: \r de nombre: Bocina Inalambrica'),(14,2,'2019-12-19','19:22:52','Nuevo usuario registrado: \r de nombre: Bocinas con Cable'),(15,2,'2019-12-19','19:25:35','Nuevo usuario registrado: \r de nombre: Bocinas con Cable'),(16,2,'2019-12-19','19:32:35','Nuevo usuario registrado: \r de nombre: Audifonos Fury'),(17,2,'2019-12-19','19:34:56','Nuevo usuario registrado: \r de nombre: Audifonos Fury'),(18,2,'2019-12-19','19:36:54','Nuevo usuario registrado: \r de nombre: Audifonos Fury'),(19,2,'2019-12-19','19:40:55','Nuevo usuario registrado: \r de nombre: Audifonos Sound Art'),(20,2,'2019-12-19','19:43:46','Nuevo usuario registrado: \r de nombre: Router Wireless'),(21,2,'2019-12-19','19:47:30','Nuevo usuario registrado: \r de nombre: Disco Duro Externo'),(22,2,'2019-12-19','19:54:23','Nuevo usuario registrado: \r de nombre: Mouse XTM 300'),(23,2,'2019-12-19','20:07:37','Nuevo usuario registrado: \r de nombre: Mouse Xtm 165'),(24,2,'2019-12-19','20:09:32','Nuevo usuario registrado: \r de nombre: Mouse Corsica 320'),(25,2,'2019-12-19','20:13:54','Nuevo usuario registrado: \r de nombre: Mouse Inalambrico GALOS 310 '),(26,2,'2019-12-19','20:15:46','Nuevo usuario registrado: \r de nombre: Mouse Inalambrico GALOS 310 '),(27,2,'2019-12-19','22:51:22','Nuevo usuario registrado: \r de nombre: Audifonos SAMSUNG'),(28,2,'2019-12-19','22:54:25','Nuevo usuario registrado: \r de nombre: JBL HARMAN '),(29,2,'2019-12-19','22:58:15','Nuevo usuario registrado: \r de nombre: NeatBuds'),(30,2,'2019-12-19','23:01:08','Nuevo usuario registrado: \r de nombre: JBL Tune '),(31,2,'2019-12-19','23:02:34','Nuevo usuario registrado: \r de nombre: JBL TUNE'),(32,2,'2019-12-19','23:07:58','Nuevo usuario registrado: \r de nombre: Mouse USB'),(33,2,'2019-12-19','23:11:43','Nuevo usuario registrado: \r de nombre: Mouse Microsoft '),(34,2,'2019-12-19','23:13:05','Nuevo usuario registrado: \r de nombre: Mouse Microsoft '),(35,2,'2019-12-19','23:19:01','Nuevo usuario registrado: \r de nombre: Mouse Microsoft'),(36,2,'2019-12-19','23:26:09','Nuevo usuario registrado: \r de nombre: Mouse Klip Xtreme'),(37,2,'2019-12-19','23:30:20','Nuevo usuario registrado: \r de nombre: Mouse Klip Xtreme '),(38,2,'2019-12-19','23:32:27','Nuevo usuario registrado: \r de nombre: Monitor Hp '),(39,2,'2019-12-19','23:36:09','Nuevo usuario registrado: \r de nombre: Laptop Acer '),(40,2,'2019-12-19','23:38:52','Nuevo usuario registrado: \r de nombre: Laptop Hp '),(41,2,'2019-12-19','23:44:24','Nuevo usuario registrado: \r de nombre: USB sandisk'),(42,2,'2019-12-19','23:48:50','Nuevo usuario registrado: \r de nombre: USB Ultra fit '),(43,2,'2019-12-19','23:54:48','Nuevo usuario registrado: \r de nombre: USB  Kinston '),(44,2,'2019-12-20','00:01:57','Nuevo usuario registrado: \r de nombre: USB Dual Drive'),(45,2,'2019-12-20','00:05:52','Nuevo usuario registrado: \r de nombre: DataTraveler 50'),(46,2,'2019-12-20','00:09:17','Nuevo usuario registrado: \r de nombre: Micro SD Class 4'),(47,2,'2019-12-20','00:11:55','Nuevo usuario registrado: \r de nombre: USB Flash Drive'),(48,2,'2019-12-20','00:19:04','Nuevo usuario registrado: \r de nombre: Sandisk ULTRA'),(49,2,'2019-12-20','00:27:09','Nuevo usuario registrado: \r de nombre: Monitor Ultra '),(50,2,'2019-12-20','00:31:15','Nuevo usuario registrado: \r de nombre: Monitos HD Led'),(51,2,'2019-12-20','00:46:05','Nuevo usuario registrado: \r de nombre: Tinta Canon '),(52,2,'2019-12-20','01:14:17','Nuevo usuario registrado: \r de nombre: Tinta Canon'),(53,2,'2019-12-20','01:16:09','Nuevo usuario registrado: \r de nombre: Tinta Canon'),(54,2,'2019-12-20','01:24:37','Nuevo usuario registrado: \r de nombre: Tinta Canon'),(55,2,'2019-12-20','01:31:21','Nuevo usuario registrado: \r de nombre: Tinta Epson'),(56,2,'2019-12-20','01:45:27','Nuevo usuario registrado: \r de nombre: Tinta Epson '),(57,2,'2019-12-20','01:46:42','Nuevo usuario registrado: \r de nombre: Tinta Epson '),(58,2,'2019-12-20','01:49:06','Nuevo usuario registrado: \r de nombre: Tinta Epson '),(59,2,'2019-12-20','01:50:26','Nuevo usuario registrado: \r de nombre: Tinta Epson '),(60,2,'2019-12-20','01:54:17','Nuevo usuario registrado: \r de nombre: Tinta Epson'),(61,2,'2019-12-20','01:59:32','Nuevo usuario registrado: \r de nombre: Tinta Epson'),(62,2,'2019-12-20','02:00:57','Nuevo usuario registrado: \r de nombre: Tinta Epson '),(63,2,'2019-12-20','02:07:42','Nuevo usuario registrado: \r de nombre: Tinta Epson '),(64,2,'2019-12-20','02:09:08','Nuevo usuario registrado: \r de nombre: Tinta Epson '),(65,2,'2019-12-20','02:11:02','Nuevo usuario registrado: \r de nombre: Tinta Epson '),(66,2,'2019-12-20','02:13:43','Nuevo usuario registrado: \r de nombre: Tinta HP'),(67,2,'2019-12-20','02:14:47','Nuevo usuario registrado: \r de nombre: Tinta HP '),(68,2,'2019-12-20','02:15:44','Nuevo usuario registrado: \r de nombre: Tinta HP'),(69,2,'2019-12-20','02:16:31','Nuevo usuario registrado: \r de nombre: Tinta HP'),(70,2,'2019-12-20','02:19:38','Nuevo usuario registrado: \r de nombre: Cartucho HP'),(71,2,'2019-12-20','02:20:55','Nuevo usuario registrado: \r de nombre: Cartucho HP'),(72,2,'2019-12-20','02:30:55','Nuevo usuario registrado: \r de nombre: HDMI XTC370'),(73,2,'2019-12-20','02:35:36','Nuevo usuario registrado: \r de nombre: HDMI XTC415'),(74,2,'2019-12-20','02:44:43','Nuevo usuario registrado: \r de nombre: HDMI XTC406'),(75,2,'2019-12-20','02:46:27','Nuevo usuario registrado: \r de nombre: Discipador para Portatil'),(76,2,'2019-12-20','02:49:07','Nuevo usuario registrado: \r de nombre: Extencion USB '),(77,2,'2019-12-20','03:58:56','Nuevo usuario registrado: \r de nombre: USB 2.0'),(78,2,'2019-12-20','04:25:10','Nuevo usuario registrado: \r de nombre: USB 2.0'),(79,2,'2019-12-20','04:26:37','Nuevo usuario registrado: \r de nombre: USB 2.0'),(80,2,'2019-12-20','04:27:35','Nuevo usuario registrado: \r de nombre: USB 2.0 '),(81,2,'2019-12-20','04:28:36','Nuevo usuario registrado: \r de nombre: USB 2.0'),(82,2,'2019-12-20','04:29:21','Nuevo usuario registrado: \r de nombre: USB 2.0'),(83,2,'2019-12-20','04:30:14','Nuevo usuario registrado: \r de nombre: USB 2.0 '),(84,2,'2019-12-20','04:32:50','Nuevo usuario registrado: \r de nombre: MicroDuo 3.0'),(85,2,'2019-12-20','04:34:59','Nuevo usuario registrado: \r de nombre: Cruzer Force '),(86,2,'2019-12-20','04:36:27','Nuevo usuario registrado: \r de nombre: Cruzer Force '),(87,2,'2019-12-20','04:45:01','Nuevo usuario registrado: \r de nombre: Data Traveler '),(88,2,'2019-12-20','04:46:00','Nuevo usuario registrado: \r de nombre: DataTraveler '),(89,2,'2019-12-20','22:02:37','Nuevo usuario registrado: \r de nombre: BT Mode Speaker'),(90,2,'2019-12-20','22:08:55','Nuevo usuario registrado: \r de nombre: Cartucho 932XL'),(91,2,'2019-12-20','22:11:11','Nuevo usuario registrado: \r de nombre: Cartucho 933XL'),(92,2,'2019-12-20','22:12:10','Nuevo usuario registrado: \r de nombre: Cartucho 933XL'),(93,2,'2019-12-20','22:14:08','Nuevo usuario registrado: \r de nombre: Cartucho 933XL'),(94,2,'2019-12-20','22:28:22','Nuevo usuario registrado: \r de nombre: Data Traveler '),(95,2,'2019-12-20','22:32:03','Nuevo usuario registrado: \r de nombre: USB flash drive k-101'),(96,2,'2019-12-20','22:33:55','Nuevo usuario registrado: \r de nombre: MicroSD Class4'),(97,2,'2019-12-20','22:37:18','Nuevo usuario registrado: \r de nombre: Micro SD'),(98,2,'2019-12-20','22:38:33','Nuevo usuario registrado: \r de nombre: Micro SD '),(99,2,'2019-12-20','22:39:43','Nuevo usuario registrado: \r de nombre: Micro SD '),(100,2,'2019-12-20','23:02:00','Nuevo usuario registrado: \r de nombre: Impresora L3110'),(101,2,'2019-12-21','01:26:57','Nuevo usuario registrado: \r de nombre: Audifonos bluethot'),(102,2,'2019-12-21','01:29:54','Nuevo usuario registrado: \r de nombre: Audifonos con cable '),(103,2,'2019-12-21','02:00:43','Nuevo usuario registrado: \r de nombre: Forza '),(104,2,'2019-12-21','02:13:09','Nuevo usuario registrado: \r de nombre: UPS With'),(105,2,'2019-12-21','02:17:19','Nuevo usuario registrado: \r de nombre: Fashion Phone '),(106,2,'2019-12-21','02:20:54','Nuevo usuario registrado: \r de nombre: Mouse Galos '),(107,2,'2019-12-21','02:25:08','Nuevo usuario registrado: \r de nombre: Mouse Optico'),(108,2,'2019-12-21','02:25:57','Nuevo usuario registrado: \r de nombre: Mouse Optico '),(109,2,'2019-12-21','02:34:33','Nuevo usuario registrado: \r de nombre: Optical Mouse '),(110,2,'2019-12-21','02:44:59','Nuevo usuario registrado: \r de nombre: Shadow Optical Mouse '),(111,2,'2019-12-21','02:49:51','Nuevo usuario registrado: \r de nombre: Silent Click Quiet'),(112,2,'2019-12-21','03:14:53','Nuevo usuario registrado: \r de nombre: Mochila Laptop BackPack'),(113,2,'2019-12-21','03:21:00','Nuevo usuario registrado: \r de nombre: LaptopCase'),(114,2,'2019-12-21','03:23:18','Nuevo usuario registrado: \r de nombre: NotebookCase '),(115,2,'2019-12-21','03:29:02','Nuevo usuario registrado: \r de nombre: Laptop Sleeve '),(116,2,'2019-12-21','03:36:12','Nuevo usuario registrado: \r de nombre: Laptop Sleeve '),(117,2,'2019-12-21','03:39:00','Nuevo usuario registrado: \r de nombre: Laptop Sleeve '),(118,2,'2019-12-22','17:54:33','Nuevo usuario registrado: \r de nombre: Traveladapter '),(119,2,'2019-12-22','18:02:04','Nuevo usuario registrado: \r de nombre: Traveladapter '),(120,2,'2019-12-22','19:20:28','Nuevo usuario registrado: \r de nombre: Travel Charger '),(121,2,'2019-12-22','19:23:24','Nuevo usuario registrado: \r de nombre: UPGRADED'),(122,2,'2019-12-22','19:26:14','Nuevo usuario registrado: \r de nombre: Car Charger'),(123,2,'2019-12-22','19:27:58','Nuevo usuario registrado: \r de nombre: Cargador '),(124,2,'2019-12-22','19:31:50','Nuevo usuario registrado: \r de nombre: USB Iphone 8'),(125,2,'2019-12-22','19:38:44','Nuevo usuario registrado: \r de nombre: Audifonos SPORTS '),(126,2,'2019-12-22','19:42:14','Nuevo usuario registrado: \r de nombre: Remax Internacional '),(127,2,'2019-12-22','19:44:17','Nuevo usuario registrado: \r de nombre: Desing for iPhone '),(128,2,'2019-12-22','19:46:46','Nuevo usuario registrado: \r de nombre: Magnetic'),(129,2,'2019-12-23','20:10:14','Error al añadir nuevo usuario : Diego Raymundocon codigo: 0\rError: System.IndexOutOfRangeException: Índice fuera de los límites de la matriz.\r\n   en Sistema_Ventas.Usuario.Addusu(String[] datos) en C:UsersInsaneDocumentsPropiosSistemasEditar y pruebaSistema Ventas ServerSistema VentasUsuario.vb:línea 95'),(130,2,'2019-12-24','18:39:47','Nuevo usuario registrado: \r de nombre: USB Cable'),(131,2,'2019-12-24','18:41:13','Nuevo usuario registrado: \r de nombre: Cable USB'),(132,2,'2019-12-24','18:42:41','Nuevo usuario registrado: \r de nombre: Cable USB '),(133,2,'2019-12-24','18:43:55','Nuevo usuario registrado: \r de nombre: Clabe USB'),(134,2,'2019-12-24','18:47:18','Nuevo usuario registrado: \r de nombre: LCD USB'),(135,2,'2019-12-24','18:48:46','Nuevo usuario registrado: \r de nombre: Cable USB'),(136,2,'2019-12-24','19:11:56','Nuevo usuario registrado: \r de nombre: TYPE -C'),(137,2,'2019-12-24','19:13:35','Nuevo usuario registrado: \r de nombre: hub 4 Ports'),(138,2,'2019-12-24','20:54:03','Nuevo usuario registrado: \r de nombre: OTG & USB'),(139,2,'2019-12-24','20:55:45','Nuevo usuario registrado: \r de nombre: USB 3.0 A-male '),(140,2,'2019-12-24','20:57:43','Nuevo usuario registrado: \r de nombre: QQ-134'),(141,2,'2019-12-24','21:03:54','Nuevo usuario registrado: \r de nombre: Foldable Bluetooth'),(142,2,'2019-12-24','21:06:12','Nuevo usuario registrado: \r de nombre: 4 ports USB 2.0'),(143,2,'2019-12-24','21:07:09','Nuevo usuario registrado: \r de nombre: Aux Cable 3.5mm'),(144,2,'2019-12-28','18:28:59','Ingreso un nuevo cliente de codigo 3'),(145,2,'2019-12-28','18:30:15','Nuevo usuario registrado: \r de nombre: Samsung A30s'),(146,2,'2019-12-28','18:31:41','Ingreso un nuevo cliente de codigo 4'),(147,2,'2019-12-28','18:32:31','Se elimino cliente con Nit : 4'),(148,2,'2019-12-28','18:32:56','Ingreso un nuevo cliente de codigo 4'),(149,2,'2019-12-28','18:33:49','Se elimino cliente con Nit : 4'),(150,2,'2019-12-28','18:33:56','Se elimino cliente con Nit : 3'),(151,2,'2019-12-28','18:34:52','Ingreso un nuevo cliente de codigo 3'),(152,2,'2019-12-28','18:35:46','Ingreso un nuevo cliente de codigo 4'),(153,2,'2019-12-28','18:36:36','Se elimino cliente con Nit : 3'),(154,2,'2019-12-28','18:37:09','Se Generó un nuevo credito con codigo: 1\ranticipo: 1100'),(155,2,'2019-12-28','18:52:02','Nuevo usuario registrado: \r de nombre: NOD32'),(156,2,'2019-12-28','19:51:52','Nuevo usuario registrado: \r de nombre:  Samsung A10s '),(157,2,'2019-12-29','12:46:35','Se actualizaron los datos del cliente: Jose Perezcon codigo: \rCon los siguientes vaores, Direccion: Nebaj \rCredito: 125\rsaldo: 0'),(158,2,'2020-01-16','17:24:04','Nuevo usuario registrado: \r de nombre: Reproductor JAM'),(159,2,'2020-01-17','18:07:22','Nuevo usuario registrado: \r de nombre: Bocina Floyd'),(160,2,'2020-01-17','18:25:03','Nuevo usuario registrado: \r de nombre: Bocinas Acusticas'),(161,2,'2020-01-17','18:29:39','Nuevo usuario registrado: \r de nombre: BT MODE SPEAKER '),(162,2,'2020-01-17','18:33:06','Nuevo usuario registrado: \r de nombre: BT MODE SPEAKER'),(163,2,'2020-01-17','18:42:21','Nuevo usuario registrado: \r de nombre: Auriculares Inalambricos '),(164,2,'2020-01-17','18:46:07','Nuevo usuario registrado: \r de nombre: Auriculares Inalambricos '),(165,2,'2020-01-17','21:22:28','producto no se elimino\r de codigo: 798302165014\rError: MySql.Data.MySqlClient.MySqlException (0x80004005): Cannot delete or update a parent row: a foreign key constraint fails (`prod`.`ventadetalle`, CONSTRAINT `FK_REFERENCE_13` FOREIGN KEY (`CODIGO_P`) REFERENCES `producto` (`CODIGO_P`))\r\n   en MySql.Data.MySqlClient.MySqlStream.ReadPacket()\r\n   en MySql.Data.MySqlClient.NativeDriver.GetResult(Int32& affectedRow, Int64& insertedId)\r\n   en MySql.Data.MySqlClient.Driver.GetResult(Int32 statementId, Int32& af'),(166,2,'2020-01-17','21:22:46','producto no se elimino\r de codigo: 798302165014\rError: MySql.Data.MySqlClient.MySqlException (0x80004005): Cannot delete or update a parent row: a foreign key constraint fails (`prod`.`ventadetalle`, CONSTRAINT `FK_REFERENCE_13` FOREIGN KEY (`CODIGO_P`) REFERENCES `producto` (`CODIGO_P`))\r\n   en MySql.Data.MySqlClient.MySqlStream.ReadPacket()\r\n   en MySql.Data.MySqlClient.NativeDriver.GetResult(Int32& affectedRow, Int64& insertedId)\r\n   en MySql.Data.MySqlClient.Driver.GetResult(Int32 statementId, Int32& af'),(167,2,'2020-01-17','21:24:19','Nuevo usuario registrado: \r de nombre: CABLE HDMI'),(168,2,'2020-01-17','21:39:43','Nuevo usuario registrado: \r de nombre: Bocinas con Cable'),(169,2,'2020-01-17','21:44:10','producto eliminado correctamente\r de codigo:  798302074798'),(170,2,'2020-01-17','21:56:54','producto eliminado correctamente\r de codigo: 6925871633147'),(171,2,'2020-01-18','15:43:59','Nuevo usuario registrado: \r de nombre: Mochila Klip Xtreme'),(172,2,'2020-01-18','16:08:30','Nuevo usuario registrado: \r de nombre: Data Traveler Mini '),(173,2,'2020-01-18','16:12:40','Nuevo usuario registrado: \r de nombre: Data Traveler 100'),(174,2,'2020-01-18','16:20:38','Nuevo usuario registrado: \r de nombre: Micro SD With Adapter '),(175,2,'2020-01-18','16:24:14','Nuevo usuario registrado: \r de nombre: Lynx 301'),(176,2,'2020-01-18','16:58:04','Nuevo usuario registrado: \r de nombre: Extra BASS'),(177,2,'2020-01-18','17:34:47','Nuevo usuario registrado: \r de nombre: Cable HDMI'),(178,2,'2020-01-18','18:34:26','Nuevo usuario registrado: \r de nombre: Convertidor Bluetooth'),(179,2,'2020-01-18','18:39:58','Nuevo usuario registrado: \r de nombre: Cabl de Poder '),(180,2,'2020-01-18','18:51:38','Nuevo usuario registrado: \r de nombre: Mouse Pad '),(181,2,'2020-01-18','19:05:53','Nuevo usuario registrado: \r de nombre: Cable de V8'),(182,2,'2020-01-18','19:13:51','Nuevo usuario registrado: \r de nombre: Cable VGA'),(183,2,'2020-01-18','19:17:21','Nuevo usuario registrado: \r de nombre: Abacus '),(184,2,'2020-01-18','19:19:03','Nuevo usuario registrado: \r de nombre: VORACIS '),(185,2,'2020-01-18','19:20:32','Nuevo usuario registrado: \r de nombre: Gel Mouse Pad'),(186,2,'2020-01-18','19:29:36','Nuevo usuario registrado: \r de nombre: Cable Mole USB 2.0'),(187,2,'2020-01-18','19:37:43','Nuevo usuario registrado: \r de nombre: Mole Cable '),(188,2,'2020-01-18','19:42:43','Nuevo usuario registrado: \r de nombre: Molex To SATA'),(189,2,'2020-01-18','19:45:16','Nuevo usuario registrado: \r de nombre: Data Cable '),(190,2,'2020-01-18','19:53:19','Se realizo un abono el abono No.:1, al credito: 1\r'),(191,2,'2020-01-20','15:57:56','Se actualizaron los datos del cliente: Alexandra Raymundocon codigo: \rCon los siguientes vaores, Direccion: Xemamatze\rCredito: 480\rsaldo: 480'),(192,2,'2020-01-20','15:59:08','Se actualizaron los datos del cliente: Alexandra Raymundocon codigo: \rCon los siguientes vaores, Direccion: Xemamatze\rCredito: 500\rsaldo: 500'),(193,2,'2020-01-20','16:00:05','Se actualizaron los datos del cliente: ALEXANDRA con codigo: \rCon los siguientes vaores, Direccion: Nebaj\rCredito: 500\rsaldo: 500'),(194,2,'2020-01-21','18:39:07','Nuevo usuario registrado: \r de nombre: Tinta EPSON'),(195,2,'2020-01-21','18:40:23','Nuevo usuario registrado: \r de nombre: Tinta EPSON'),(196,2,'2020-01-21','18:44:54','Nuevo usuario registrado: \r de nombre: DataTraveler '),(197,2,'2020-01-21','18:48:19','Nuevo usuario registrado: \r de nombre: DataTraveler  100'),(198,2,'2020-01-21','18:52:51','Nuevo usuario registrado: \r de nombre: Endurance Run'),(199,2,'2020-01-21','19:06:56','Nuevo usuario registrado: \r de nombre: BluWavell'),(200,2,'2020-01-22','11:53:14','Se realizo un abono el abono No.:2, al credito: 1\r'),(201,1,'2020-01-25','14:21:06','Se actualizaron los datos del cliente: Avidan Gúzmancon codigo: \rCon los siguientes vaores, Direccion: Vipila\rCredito: 2400\rsaldo: 0'),(202,1,'2020-01-25','14:24:32','Se actualizaron los datos del cliente: Avidan Guzmancon codigo: \rCon los siguientes vaores, Direccion: Vipila\rCredito: 2400\rsaldo: 0'),(203,1,'2020-01-25','14:58:06','Se actualizaron los datos del cliente: Avidan Guzmancon codigo: \rCon los siguientes vaores, Direccion: Vipila\rCredito: 2400\rsaldo: 0'),(204,1,'2020-01-25','15:01:03','Se actualizaron los datos del cliente: Avidan Guzmancon codigo: \rCon los siguientes vaores, Direccion: Vipila\rCredito: 2400\rsaldo: 0'),(205,1,'2020-01-25','15:51:46','Ingreso un nuevo cliente de codigo 4'),(206,1,'2020-01-25','16:12:06','Se elimino cliente con Nit : 4'),(207,1,'2020-01-25','16:29:12','Ingreso un nuevo cliente de codigo 4'),(208,1,'2020-01-25','17:03:11','Se elimino cliente con Nit : 4'),(209,1,'2020-01-25','17:03:54','Ingreso un nuevo cliente de codigo 4'),(210,1,'2020-01-25','17:16:40','Se Generó un nuevo credito con codigo: 2\ranticipo: 800'),(211,1,'2020-01-25','17:46:58','Ingreso un nuevo cliente de codigo 5'),(212,1,'2020-01-25','17:50:34','Se Generó un nuevo credito con codigo: 3\ranticipo: 0'),(213,1,'2020-01-25','17:53:26','Nuevo usuario registrado: \r de nombre: Protector J1 ace'),(214,1,'2020-01-25','17:56:06','Nuevo usuario registrado: \r de nombre: Protector Samsung'),(215,1,'2020-01-25','17:57:13','Nuevo usuario registrado: \r de nombre: Protector Samsung'),(216,1,'2020-01-25','17:58:08','Nuevo usuario registrado: \r de nombre: Protector Samsung'),(217,1,'2020-01-25','17:58:52','Nuevo usuario registrado: \r de nombre: Protector Samsung'),(218,1,'2020-01-25','18:00:15','Nuevo usuario registrado: \r de nombre: Protector Samsung '),(219,1,'2020-01-25','18:03:11','Nuevo usuario registrado: \r de nombre: Protector Samsung '),(220,1,'2020-01-25','18:04:14','Nuevo usuario registrado: \r de nombre: Protector Samsung'),(221,1,'2020-01-25','18:05:50','Nuevo usuario registrado: \r de nombre: Protector Samsung '),(222,1,'2020-01-25','18:07:20','Nuevo usuario registrado: \r de nombre: Protector Samsung'),(223,1,'2020-01-25','18:09:01','Nuevo usuario registrado: \r de nombre: Protector Samsung '),(224,1,'2020-01-25','18:11:46','Nuevo usuario registrado: \r de nombre: Protector Samsung'),(225,1,'2020-01-25','18:15:49','Nuevo usuario registrado: \r de nombre: Protector Samsung  '),(226,1,'2020-01-25','18:16:38','Error al añadir nuevo usuario : Alejandro Raymundocon codigo: 0\rError: System.IndexOutOfRangeException: Índice fuera de los límites de la matriz.\r\n   en Sistema_Ventas.Usuario.Addusu(String[] datos) en F:ArchivosDocumentsPropiosSistemasEditar y pruebaSistema Ventas ServerSistema VentasUsuario.vb:línea 95'),(227,1,'2020-01-25','18:28:02','Ingreso un nuevo cliente de codigo 6'),(228,1,'2020-01-25','18:33:56','Nuevo usuario registrado: \r de nombre: Protector Samsung'),(229,1,'2020-01-25','18:34:58','Nuevo usuario registrado: \r de nombre: Protector Samsung'),(230,1,'2020-01-25','18:36:15','Nuevo usuario registrado: \r de nombre: Protector Samasung'),(231,1,'2020-01-25','18:37:28','Nuevo usuario registrado: \r de nombre: Protector Samsung '),(232,1,'2020-01-25','18:38:27','Nuevo usuario registrado: \r de nombre: Protector Samsung'),(233,1,'2020-01-25','18:39:08','Nuevo usuario registrado: \r de nombre: Protector SAmsung '),(234,1,'2020-01-25','18:40:04','Nuevo usuario registrado: \r de nombre: Protecotor Samsung '),(235,1,'2020-01-25','18:40:49','Nuevo usuario registrado: \r de nombre: Protector Samsung '),(236,1,'2020-01-25','18:44:47','Nuevo usuario registrado: \r de nombre: Protector Samsung '),(237,1,'2020-01-25','19:19:30','Ingreso un nuevo cliente de codigo 7'),(238,1,'2020-01-25','19:21:03','Nuevo usuario registrado: \r de nombre: Servicios'),(239,1,'2020-01-25','19:24:15','Se Generó un nuevo credito con codigo: 4\ranticipo: 0'),(240,1,'2020-01-25','19:27:41','Nuevo usuario registrado: \r de nombre: Protector Samsung'),(241,1,'2020-01-25','19:29:02','Nuevo usuario registrado: \r de nombre: Protector Samsung'),(242,1,'2020-01-25','19:31:02','Nuevo usuario registrado: \r de nombre: Protector Samsung '),(243,1,'2020-01-25','19:33:37','Nuevo usuario registrado: \r de nombre: Protector Samsung'),(244,1,'2020-01-25','19:36:13','Nuevo usuario registrado: \r de nombre: Protector Samsung'),(245,1,'2020-01-25','19:37:02','Nuevo usuario registrado: \r de nombre: Protector Huawei'),(246,1,'2020-01-25','19:37:51','Nuevo usuario registrado: \r de nombre: Protector Huawei '),(247,1,'2020-01-25','19:39:09','Nuevo usuario registrado: \r de nombre: Protector Huawei'),(248,1,'2020-01-25','19:39:56','Nuevo usuario registrado: \r de nombre: Protector Huawei'),(249,1,'2020-01-25','19:40:29','Nuevo usuario registrado: \r de nombre: Protector Huawei'),(250,1,'2020-01-25','19:41:49','Nuevo usuario registrado: \r de nombre: Protector Huawei'),(251,1,'2020-01-25','19:43:41','Nuevo usuario registrado: \r de nombre: Protector Huawei'),(252,1,'2020-01-25','19:44:27','Nuevo usuario registrado: \r de nombre: Protector Huawei'),(253,1,'2020-01-25','19:46:32','Nuevo usuario registrado: \r de nombre: Protector Huawei'),(254,1,'2020-01-25','19:47:16','Nuevo usuario registrado: \r de nombre: Protector Huawei'),(255,1,'2020-01-25','20:22:57','Nuevo usuario registrado: \r de nombre: Protector Huawei'),(256,2,'2020-01-26','09:41:30','Error al añadir nuevo usuario : La`smatom Raymundocon codigo: 0\rError: System.IndexOutOfRangeException: Índice fuera de los límites de la matriz.\r\n   en Sistema_Ventas.Usuario.Addusu(String[] datos) en F:ArchivosDocumentsPropiosSistemasEditar y pruebaSistema Ventas ServerSistema VentasUsuario.vb:línea 95'),(257,2,'2020-01-27','17:16:03','Ingreso un nuevo cliente de codigo 8'),(258,2,'2020-01-27','17:18:28','Se Generó un nuevo credito con codigo: 5\ranticipo: 675'),(259,2,'2020-01-27','17:19:47','Se realizo un abono el abono No.:3, al credito: 2\r'),(260,2,'2020-01-27','21:21:08','Nuevo usuario registrado: \r de nombre: Mobile speaker '),(261,2,'2020-01-27','21:32:00','Se Generó un nuevo credito con codigo: 6\ranticipo: 350'),(262,2,'2020-01-28','11:47:31','Nuevo usuario registrado: \r de nombre: Protector Huawei'),(263,2,'2020-01-28','11:54:04','Nuevo usuario registrado: \r de nombre: Protector Samsung'),(264,2,'2020-01-28','12:08:19','Nuevo usuario registrado: \r de nombre: Protector Samsung'),(265,2,'2020-01-28','12:15:01','Nuevo usuario registrado: \r de nombre: Protector Samsung'),(266,2,'2020-01-28','12:31:44','Nuevo usuario registrado: \r de nombre: Protector Iphone '),(267,2,'2020-01-28','12:37:01','Nuevo usuario registrado: \r de nombre: Protector Iphone '),(268,2,'2020-01-28','12:42:13','Nuevo usuario registrado: \r de nombre: Protector Iphone'),(269,2,'2020-01-28','12:44:23','Nuevo usuario registrado: \r de nombre: Protector Iphone '),(270,2,'2020-01-28','12:45:47','Nuevo usuario registrado: \r de nombre: Protector Samsung'),(271,2,'2020-01-28','12:54:49','Nuevo usuario registrado: \r de nombre: Protector Motorola '),(272,2,'2020-01-28','12:58:10','Nuevo usuario registrado: \r de nombre: Protector Motorola '),(273,2,'2020-01-28','13:04:43','Nuevo usuario registrado: \r de nombre: Protector Huawei'),(274,2,'2020-01-28','13:08:16','Nuevo usuario registrado: \r de nombre: Protector Magnetico '),(275,2,'2020-01-28','15:17:25','Nuevo usuario registrado: \r de nombre: usb canvas select '),(276,2,'2020-01-28','15:19:08','Nuevo usuario registrado: \r de nombre: usb Canvas '),(277,2,'2020-01-28','15:22:37','Nuevo usuario registrado: \r de nombre: Usb canvas '),(278,2,'2020-01-28','15:25:55','Nuevo usuario registrado: \r de nombre: UPS'),(279,2,'2020-01-28','15:28:37','Nuevo usuario registrado: \r de nombre: Regleta'),(280,2,'2020-01-28','15:34:30','Nuevo usuario registrado: \r de nombre: Mochila para Laptop'),(281,2,'2020-01-28','15:35:53','Nuevo usuario registrado: \r de nombre: Mochila Para Laptop'),(282,2,'2020-01-28','15:40:07','Nuevo usuario registrado: \r de nombre: Mochila Para Laptop '),(283,2,'2020-01-28','15:41:21','Nuevo usuario registrado: \r de nombre: Mochila para laptop '),(284,2,'2020-01-30','15:51:13','Nuevo usuario registrado: \r de nombre: Vidrio Templado complet '),(285,2,'2020-01-30','17:59:38','Nuevo usuario registrado: \r de nombre: Vidrio Templado normal '),(286,2,'2020-01-30','18:00:35','Se realizo un abono el abono No.:4, al credito: 4\r'),(287,4,'2020-01-31','10:55:56','Se Generó un nuevo credito con codigo: 7\ranticipo: 0'),(288,2,'2020-02-04','10:06:06','Nuevo usuario registrado: \r de nombre: Celular SKY'),(289,2,'2020-02-04','10:19:56','Nuevo usuario registrado: \r de nombre: Celular Nitro 4 Go'),(290,2,'2020-02-04','10:21:14','Nuevo usuario registrado: \r de nombre: Nitro 4GO'),(291,2,'2020-02-04','10:23:40','Nuevo usuario registrado: \r de nombre: Moto e5 Play '),(292,2,'2020-02-04','10:28:39','Nuevo usuario registrado: \r de nombre: Celular C450'),(293,2,'2020-02-04','10:30:39','Nuevo usuario registrado: \r de nombre: Celular C400'),(294,2,'2020-02-04','10:38:36','Nuevo usuario registrado: \r de nombre: Celular Y6 2019'),(295,2,'2020-02-04','10:45:23','Nuevo usuario registrado: \r de nombre: Tlefono de tapadera mtt'),(296,2,'2020-02-04','10:48:02','Nuevo usuario registrado: \r de nombre: Tlefono 1066 alcatel '),(297,2,'2020-02-04','10:53:00','Nuevo usuario registrado: \r de nombre: Telefono 50-10'),(298,2,'2020-02-04','10:56:43','Nuevo usuario registrado: \r de nombre: Telefono Blu Bold '),(299,2,'2020-02-04','11:03:03','Nuevo usuario registrado: \r de nombre: Telefono Alcatel 1'),(300,2,'2020-02-04','11:07:36','Nuevo usuario registrado: \r de nombre: Telefono Zona 5310'),(301,2,'2020-02-04','11:15:27','Nuevo usuario registrado: \r de nombre: Telefono Zelu C400'),(302,2,'2020-02-04','18:33:40','Nuevo usuario registrado: \r de nombre: Elite 5T'),(303,2,'2020-02-04','18:35:21','Nuevo usuario registrado: \r de nombre: Motorola '),(304,2,'2020-02-04','18:45:37','Nuevo usuario registrado: \r de nombre: telefono Zelu '),(305,2,'2020-02-04','18:53:07','Nuevo usuario registrado: \r de nombre: Telefono A50'),(306,2,'2020-02-04','18:54:40','Nuevo usuario registrado: \r de nombre: Telefono A70 '),(307,2,'2020-02-04','18:58:55','Nuevo usuario registrado: \r de nombre: Telefono J2 core'),(308,2,'2020-02-04','19:02:21','Nuevo usuario registrado: \r de nombre: Telefono Motoe5play '),(309,2,'2020-02-04','19:04:00','Nuevo usuario registrado: \r de nombre: Telefon Y5 2018'),(310,2,'2020-02-04','19:05:52','Nuevo usuario registrado: \r de nombre: Telefono Y9 Prime 2019'),(311,2,'2020-02-04','19:07:45','Nuevo usuario registrado: \r de nombre: Telefono Y6 2019'),(312,2,'2020-02-04','19:09:30','Nuevo usuario registrado: \r de nombre: Telefono J2 Core '),(313,2,'2020-02-04','19:13:09','Nuevo usuario registrado: \r de nombre: Telefono NOkia 105'),(314,2,'2020-02-04','19:15:18','Nuevo usuario registrado: \r de nombre: Telefono Zona A1103'),(315,2,'2020-02-04','19:17:49','Nuevo usuario registrado: \r de nombre: Telefono Neo Flip Plus '),(316,2,'2020-02-04','19:19:50','Nuevo usuario registrado: \r de nombre: Telefono Zona E1272'),(317,2,'2020-02-04','20:01:42','Nuevo usuario registrado: \r de nombre: Cabezal de Cargador '),(318,2,'2020-02-04','20:05:21','Nuevo usuario registrado: \r de nombre: Cabezal para cargador '),(319,2,'2020-02-04','20:17:42','Nuevo usuario registrado: \r de nombre: Cargador Tipo C'),(320,2,'2020-02-04','20:29:25','Nuevo usuario registrado: \r de nombre: Cigarrera con entradas USB'),(321,2,'2020-02-04','20:35:02','Nuevo usuario registrado: \r de nombre: Adaptador Bluetoth'),(322,2,'2020-02-04','20:41:00','Nuevo usuario registrado: \r de nombre: Cargador Tipo V3'),(323,2,'2020-02-04','20:45:09','Nuevo usuario registrado: \r de nombre: Cargador para Iphone '),(324,2,'2020-02-04','20:51:14','Nuevo usuario registrado: \r de nombre: Adaptador de Audio '),(325,2,'2020-02-04','20:54:47','Nuevo usuario registrado: \r de nombre: Adaptador de Red'),(326,2,'2020-02-04','21:11:46','Nuevo usuario registrado: \r de nombre: Cable de carga tipo C y V8'),(327,2,'2020-02-04','21:24:13','Nuevo usuario registrado: \r de nombre: Audifonos de cable '),(328,2,'2020-02-04','21:30:33','Nuevo usuario registrado: \r de nombre: Cable Aux 3.5'),(329,2,'2020-02-04','21:33:08','Nuevo usuario registrado: \r de nombre: Cable Tipo V8'),(330,2,'2020-02-04','21:35:08','Nuevo usuario registrado: \r de nombre: Cable tipo V8'),(331,2,'2020-02-04','21:37:21','Nuevo usuario registrado: \r de nombre: Cable tipo C '),(332,2,'2020-02-04','21:49:10','Nuevo usuario registrado: \r de nombre: Cable para Iphone '),(333,2,'2020-02-04','21:52:47','Nuevo usuario registrado: \r de nombre: Cable Usb '),(334,2,'2020-02-05','09:25:45','Nuevo usuario registrado: \r de nombre: Adaptador Wifi '),(335,2,'2020-02-05','09:30:51','Nuevo usuario registrado: \r de nombre: Ponchadora y pelador de CAbles '),(336,2,'2020-02-05','09:36:00','Nuevo usuario registrado: \r de nombre: Mini HUB 4puertos '),(337,2,'2020-02-05','09:39:03','Nuevo usuario registrado: \r de nombre: Cable Hdmi '),(338,2,'2020-02-05','09:44:30','Nuevo usuario registrado: \r de nombre: Capturador de video '),(339,2,'2020-02-05','10:23:19','Ingreso un nuevo cliente de codigo 9'),(340,2,'2020-02-05','10:25:02','Se actualizaron los datos del cliente: Gaspar Cuyuchcon codigo: 9\rCon los siguientes vaores, Direccion: Salquilito \rCredito: 175\rsaldo: 0.00'),(341,2,'2020-02-05','10:25:54','Se Generó un nuevo credito con codigo: 8\ranticipo: 100'),(342,2,'2020-02-05','16:55:00','Nuevo usuario registrado: \r de nombre: Caja de Registro '),(343,2,'2020-02-05','18:16:55','Nuevo usuario registrado: \r de nombre: Adaptador Tipo C'),(344,2,'2020-02-06','14:31:40','Nuevo usuario registrado: \r de nombre: Impresora Multifuncional'),(345,2,'2020-02-08','10:52:34','Nuevo usuario registrado: \r de nombre: Protector Varios '),(346,2,'2020-02-12','20:10:32','Ingreso un nuevo cliente de codigo 10'),(347,2,'2020-02-18','11:07:26','Se Generó un nuevo credito con codigo: 9\ranticipo: 0'),(348,2,'2020-02-21','18:51:04','Ingreso un nuevo cliente de codigo 11'),(349,2,'2020-02-21','18:52:40','Se Generó un nuevo credito con codigo: 10\ranticipo: 50'),(350,2,'2020-02-22','12:07:49','Nuevo usuario registrado: \r de nombre: Impresora Canon'),(351,2,'2020-02-26','16:06:45','Nuevo usuario registrado: \r de nombre: HDMI XTC338'),(352,2,'2020-02-26','16:10:04','Nuevo usuario registrado: \r de nombre: HDMI XTC380'),(353,2,'2020-02-27','16:00:47','Nuevo usuario registrado: \r de nombre: Cable UTP'),(354,2,'2020-02-27','16:10:50','Se realizo un abono el abono No.:5, al credito: 5\r'),(355,2,'2020-02-27','16:27:33','Nuevo usuario registrado: \r de nombre: Camara ColorVu '),(356,2,'2020-02-27','20:29:39','Ingreso un nuevo cliente de codigo 12'),(357,2,'2020-02-27','20:30:25','Se Generó un nuevo credito con codigo: 11\ranticipo: 400'),(358,2,'2020-03-01','11:27:16','Nuevo usuario registrado: \r de nombre: transformadores '),(359,2,'2020-03-01','11:30:17','Nuevo usuario registrado: \r de nombre: Video Valun'),(360,2,'2020-03-03','12:16:11','Se realizo un abono el abono No.:6, al credito: 4\r'),(361,2,'2020-03-03','23:25:37','Ingreso un nuevo cliente de codigo 13'),(362,2,'2020-03-03','23:25:59','Se Generó un nuevo credito con codigo: 12\ranticipo: 200'),(363,2,'2020-03-03','23:51:55','Nuevo usuario registrado: \r de nombre: Audifonos XTH620'),(364,2,'2020-03-03','23:59:06','Nuevo usuario registrado: \r de nombre: JBL TUNE'),(365,2,'2020-03-04','09:31:27','Nuevo usuario registrado: \r de nombre: Sistema de Audio Multimedia '),(366,2,'2020-03-04','09:37:11','Nuevo usuario registrado: \r de nombre: Cargador 3.1A'),(367,2,'2020-03-04','09:59:12','Nuevo usuario registrado: \r de nombre: Auriculares Estereo'),(368,2,'2020-03-04','10:01:05','Nuevo usuario registrado: \r de nombre: Auricular Estereo '),(369,2,'2020-03-04','10:09:42','Nuevo usuario registrado: \r de nombre: HDMI'),(370,2,'2020-03-04','10:16:03','Nuevo usuario registrado: \r de nombre: Ponchadora'),(371,2,'2020-03-04','12:10:49','Nuevo usuario registrado: \r de nombre: Extension USB'),(372,2,'2020-03-04','12:20:31','Nuevo usuario registrado: \r de nombre: Extension USB'),(373,2,'2020-03-04','12:42:20','Nuevo usuario registrado: \r de nombre: Cable para Amplificadores'),(374,2,'2020-03-05','19:59:13','Se realizo un abono el abono No.:7, al credito: 12\r'),(375,2,'2020-03-11','16:19:32','Se realizo un abono el abono No.:8, al credito: 1\r'),(376,2,'2020-03-11','16:50:06','Ingreso un nuevo cliente de codigo 14'),(377,2,'2020-03-11','16:53:12','Se Generó un nuevo credito con codigo: 13\ranticipo: 0'),(378,2,'2020-03-11','16:53:52','Se actualizaron los datos del cliente: Diego Raymundocon codigo: 14\rCon los siguientes vaores, Direccion: Xemamatze\rCredito: 500.00\rsaldo: 0'),(379,2,'2020-03-11','16:54:43','Se actualizaron los datos del cliente: Diego Raymundocon codigo: 14\rCon los siguientes vaores, Direccion: Xemamatze\rCredito: 350\rsaldo: 0.00'),(380,2,'2020-03-12','12:19:17','Se Generó un nuevo credito con codigo: 14\ranticipo: 0'),(381,2,'2020-03-16','16:34:49','Se actualizaron los datos del cliente: Samuel Raymundo Cetocon codigo: 12\rCon los siguientes vaores, Direccion: Vipila \rCredito: 1500.00\rsaldo: 685.00'),(382,2,'2020-03-16','16:37:09','Se Generó un nuevo credito con codigo: 15\ranticipo: 300'),(383,2,'2020-04-01','11:23:31','Nuevo usuario registrado: \r de nombre: Cargador tipo v8 color blanco '),(384,2,'2020-04-02','14:57:32','Se realizo un abono el abono No.:9, al credito: 9\r'),(385,2,'2020-04-03','10:54:18','Ingreso un nuevo cliente de codigo 15'),(386,2,'2020-04-03','10:54:55','Se actualizaron los datos del cliente: Margarita Marcoscon codigo: 15\rCon los siguientes vaores, Direccion: la laguna\rCredito: 2500.00\rsaldo: 0.00'),(387,2,'2020-04-03','10:55:51','Se Generó un nuevo credito con codigo: 16\ranticipo: 1500'),(388,2,'2020-04-16','13:17:59','Se Generó un nuevo credito con codigo: 17\ranticipo: 0'),(389,2,'2020-04-25','16:27:52','Se realizo un abono el abono No.:10, al credito: 16\r'),(390,2,'2020-05-04','15:03:18','Nuevo usuario registrado: \r de nombre: Teclado XTK160S'),(391,2,'2020-05-04','15:40:59','Nuevo usuario registrado: \r de nombre: Teclado  XTK130'),(392,2,'2020-05-04','15:45:01','Nuevo usuario registrado: \r de nombre: Logitech'),(393,2,'2020-05-04','15:53:05','Nuevo usuario registrado: \r de nombre: Teclado Stylus KKS-050S'),(394,2,'2020-05-04','15:58:13','Nuevo usuario registrado: \r de nombre: Teclado DeskMate KCK-251S'),(395,2,'2020-05-04','16:07:28','Nuevo usuario registrado: \r de nombre: Audifonos AkoustikFX'),(396,2,'2020-05-04','16:13:23','Nuevo usuario registrado: \r de nombre: Audifonos Fury '),(397,2,'2020-05-04','16:22:37','Nuevo usuario registrado: \r de nombre: Mouse Lethal Haze'),(398,2,'2020-05-04','16:24:47','Nuevo usuario registrado: \r de nombre: Mouse Bellixus'),(399,2,'2020-05-04','16:32:36','Nuevo usuario registrado: \r de nombre: Mouse '),(400,2,'2020-05-04','16:36:12','Nuevo usuario registrado: \r de nombre: Mouse Microsoft'),(401,2,'2020-05-05','09:38:48','Nuevo usuario registrado: \r de nombre: Memoria Micro SD'),(402,2,'2020-05-05','09:42:00','Nuevo usuario registrado: \r de nombre: Memoria USB'),(403,2,'2020-05-05','09:43:47','Nuevo usuario registrado: \r de nombre: Memoria USB '),(404,2,'2020-05-05','09:45:28','Nuevo usuario registrado: \r de nombre: Memoria USB'),(405,2,'2020-05-05','11:02:30','Nuevo usuario registrado: \r de nombre: Adaptador HDMI'),(406,2,'2020-05-05','11:11:36','Nuevo usuario registrado: \r de nombre: Audifono HP'),(407,2,'2020-05-05','11:12:22','Nuevo usuario registrado: \r de nombre: Audifono HP'),(408,2,'2020-05-05','11:13:54','Nuevo usuario registrado: \r de nombre: Audifono HP'),(409,2,'2020-05-05','11:18:37','Nuevo usuario registrado: \r de nombre: Switch'),(410,2,'2020-05-05','11:36:45','Nuevo usuario registrado: \r de nombre: Extencion HDMI'),(411,2,'2020-05-05','11:42:38','Nuevo usuario registrado: \r de nombre: Limpia Contacto  '),(412,2,'2020-05-05','11:56:24','Nuevo usuario registrado: \r de nombre: Mochila para Laptop '),(413,2,'2020-05-09','09:40:50','Nuevo usuario registrado: \r de nombre: Cablde USB'),(414,2,'2020-05-09','09:47:50','Nuevo usuario registrado: \r de nombre: Cigarerra '),(415,2,'2020-05-09','11:15:23','Nuevo usuario registrado: \r de nombre: Cable para Laptop '),(416,2,'2020-05-09','11:18:19','Nuevo usuario registrado: \r de nombre: Cable para Impresora '),(417,2,'2020-05-19','09:54:22','Nuevo usuario registrado: \r de nombre: Cartucho '),(418,2,'2020-05-19','09:56:37','Nuevo usuario registrado: \r de nombre: Cartucho '),(419,2,'2020-05-26','14:28:58','Se actualizaron los datos del cliente: Miguelcon codigo: 8\rCon los siguientes vaores, Direccion: nebaj\rCredito: 1350.00\rsaldo: 0.00'),(420,2,'2020-05-26','14:29:51','Ingreso un nuevo cliente de codigo 16'),(421,2,'2020-05-26','14:30:21','Se actualizaron los datos del cliente: Jacinto Guzmancon codigo: 16\rCon los siguientes vaores, Direccion: La laguna\rCredito: 175.00\rsaldo: 0.00'),(422,2,'2020-05-26','14:31:18','Se Generó un nuevo credito con codigo: 18\ranticipo: 0'),(423,2,'2020-06-02','09:44:54','Se realizo un abono el abono No.:11, al credito: 18\r'),(424,2,'2020-06-11','15:18:29','Ingreso un nuevo cliente de codigo 17'),(425,2,'2020-06-11','15:19:27','Se Generó un nuevo credito con codigo: 19\ranticipo: 0'),(426,2,'2020-06-16','17:13:52','Se actualizaron los datos del cliente: Samuel Raymundo Cetocon codigo: 12\rCon los siguientes vaores, Direccion: Vipila \rCredito: 1500.00\rsaldo: 885.00'),(427,2,'2020-06-16','17:15:19','Se realizo un abono el abono No.:12, al credito: 11\r'),(428,2,'2020-06-22','16:21:20','Nuevo usuario registrado: \r de nombre: cable para DVD'),(429,2,'2020-06-22','16:26:58','Nuevo usuario registrado: \r de nombre: Cable Plu a Plu'),(430,2,'2020-06-22','16:31:46','Nuevo usuario registrado: \r de nombre: Cargador de Iphone '),(431,2,'2020-06-22','16:33:39','Nuevo usuario registrado: \r de nombre: Cargador Tipo C'),(432,2,'2020-06-22','16:50:37','Nuevo usuario registrado: \r de nombre: Cargador tipo V8'),(433,2,'2020-06-22','16:54:25','Nuevo usuario registrado: \r de nombre: Cigarrera'),(434,2,'2020-06-22','16:55:20','Nuevo usuario registrado: \r de nombre: Cigarrera'),(435,2,'2020-06-22','16:57:29','Nuevo usuario registrado: \r de nombre: Control para Televisor '),(436,2,'2020-06-22','17:01:51','Nuevo usuario registrado: \r de nombre: Control Universal'),(437,2,'2020-06-22','17:02:38','Nuevo usuario registrado: \r de nombre: Control Universal '),(438,2,'2020-06-22','17:04:21','Nuevo usuario registrado: \r de nombre: Reproductor de Musica '),(439,2,'2020-06-22','17:12:24','Nuevo usuario registrado: \r de nombre: Cargador Tipo V8');
/*!40000 ALTER TABLE `bitacora` ENABLE KEYS */;
UNLOCK TABLES;

--
-- Table structure for table `caja`
--

DROP TABLE IF EXISTS `caja`;
/*!40101 SET @saved_cs_client     = @@character_set_client */;
/*!40101 SET character_set_client = utf8 */;
CREATE TABLE `caja` (
  `ID_CAJA` int(11) NOT NULL,
  `SALDO` decimal(10,2) DEFAULT NULL,
  `Estado` varchar(50) COLLATE utf8_spanish_ci NOT NULL,
  PRIMARY KEY (`ID_CAJA`)
) ENGINE=InnoDB DEFAULT CHARSET=utf8 COLLATE=utf8_spanish_ci;
/*!40101 SET character_set_client = @saved_cs_client */;

--
-- Dumping data for table `caja`
--

LOCK TABLES `caja` WRITE;
/*!40000 ALTER TABLE `caja` DISABLE KEYS */;
INSERT INTO `caja` VALUES (1,5717.00,'cerrada');
/*!40000 ALTER TABLE `caja` ENABLE KEYS */;
UNLOCK TABLES;

--
-- Table structure for table `categoria`
--

DROP TABLE IF EXISTS `categoria`;
/*!40101 SET @saved_cs_client     = @@character_set_client */;
/*!40101 SET character_set_client = utf8 */;
CREATE TABLE `categoria` (
  `COD_CAT` varchar(15) COLLATE utf8_spanish_ci NOT NULL,
  `CATEGORIA` varchar(50) COLLATE utf8_spanish_ci DEFAULT NULL,
  PRIMARY KEY (`COD_CAT`)
) ENGINE=InnoDB DEFAULT CHARSET=utf8 COLLATE=utf8_spanish_ci;
/*!40101 SET character_set_client = @saved_cs_client */;

--
-- Dumping data for table `categoria`
--

LOCK TABLES `categoria` WRITE;
/*!40000 ALTER TABLE `categoria` DISABLE KEYS */;
/*!40000 ALTER TABLE `categoria` ENABLE KEYS */;
UNLOCK TABLES;

--
-- Table structure for table `cliente`
--

DROP TABLE IF EXISTS `cliente`;
/*!40101 SET @saved_cs_client     = @@character_set_client */;
/*!40101 SET character_set_client = utf8 */;
CREATE TABLE `cliente` (
  `COD_CLI` varchar(8) COLLATE utf8_spanish_ci NOT NULL,
  `NOMBRE` varchar(150) COLLATE utf8_spanish_ci DEFAULT NULL,
  `DIRECCION` varchar(200) COLLATE utf8_spanish_ci DEFAULT NULL,
  `NIT` varchar(10) COLLATE utf8_spanish_ci DEFAULT NULL,
  `CREDITO` decimal(10,2) DEFAULT NULL,
  `SALDO` decimal(8,2) DEFAULT NULL,
  PRIMARY KEY (`COD_CLI`)
) ENGINE=InnoDB DEFAULT CHARSET=utf8 COLLATE=utf8_spanish_ci;
/*!40101 SET character_set_client = @saved_cs_client */;

--
-- Dumping data for table `cliente`
--

LOCK TABLES `cliente` WRITE;
/*!40000 ALTER TABLE `cliente` DISABLE KEYS */;
INSERT INTO `cliente` VALUES ('1','C/F','Nebaj','0',0.00,0.00),('10','Sebastian Sanchez','Nebaj','10',200.00,0.00),('11','Elizabeth Terraza','Simocol Nebaj','11',250.00,35.00),('12','Samuel Raymundo Ceto','Vipila ','12',1500.00,285.00),('13','Pedro Cedillo','Xolacul','13',500.00,50.00),('14','Diego Raymundo','Xemamatze','15',350.00,0.00),('15','Margarita Marcos','la laguna','16',2500.00,0.00),('16','Jacinto Guzman','La laguna','17',175.00,0.00),('17','Magdalena Raymundo','Xemamatze','18',700.00,700.00),('2','Cliente1','Nebaj','14',100.00,6.00),('3','Pablo Tello','Vitzal','c/f',2000.00,0.00),('4','Avidan Guzmán','Vipila','4',2400.00,1750.00),('5','Alexandra Raymundo','Nebaj','5',1000.00,240.00),('6','Rebeca Velasco','Simocol ','6',500.00,0.00),('7','Juana Lux','Jactzal','7',400.00,120.00),('8','Miguel','nebaj','8',1350.00,0.00),('9','Gaspar Cuyuch','Salquilito ','9',175.00,75.00);
/*!40000 ALTER TABLE `cliente` ENABLE KEYS */;
UNLOCK TABLES;

--
-- Table structure for table `credito`
--

DROP TABLE IF EXISTS `credito`;
/*!40101 SET @saved_cs_client     = @@character_set_client */;
/*!40101 SET character_set_client = utf8 */;
CREATE TABLE `credito` (
  `COD_CREDI` int(11) NOT NULL,
  `COMPROBANTE` int(11) DEFAULT NULL,
  `COD_CLI` varchar(8) COLLATE utf8_spanish_ci DEFAULT NULL,
  `COD_USU` int(11) DEFAULT NULL,
  `TOTAL` decimal(10,2) DEFAULT NULL,
  `ANTICIPO` decimal(10,2) DEFAULT NULL,
  `ESTADO` varchar(50) CHARACTER SET utf8 COLLATE utf8_bin DEFAULT NULL,
  PRIMARY KEY (`COD_CREDI`),
  KEY `FK_REFERENCE_6` (`COMPROBANTE`),
  KEY `FK_REFERENCE_7` (`COD_CLI`),
  KEY `FK_REFERENCE_8` (`COD_USU`),
  CONSTRAINT `FK_REFERENCE_6` FOREIGN KEY (`COMPROBANTE`) REFERENCES `venta` (`COMPROBANTE`),
  CONSTRAINT `FK_REFERENCE_7` FOREIGN KEY (`COD_CLI`) REFERENCES `cliente` (`COD_CLI`),
  CONSTRAINT `FK_REFERENCE_8` FOREIGN KEY (`COD_USU`) REFERENCES `usuario` (`COD_USU`)
) ENGINE=InnoDB DEFAULT CHARSET=utf8 COLLATE=utf8_spanish_ci;
/*!40101 SET character_set_client = @saved_cs_client */;

--
-- Dumping data for table `credito`
--

LOCK TABLES `credito` WRITE;
/*!40000 ALTER TABLE `credito` DISABLE KEYS */;
INSERT INTO `credito` VALUES (1,11,'3',2,2000.00,1100.00,'Activo'),(2,36,'4',1,2400.00,800.00,'Activo'),(3,38,'5',1,160.00,0.00,'Activo'),(4,39,'7',1,400.00,0.00,'Activo'),(5,48,'8',2,1350.00,675.00,'Activo'),(6,50,'4',2,1000.00,350.00,'Activo'),(7,58,'5',4,80.00,0.00,'Activo'),(8,73,'9',2,175.00,100.00,'Activo'),(9,95,'10',2,145.00,0.00,'Activo'),(10,108,'11',2,85.00,50.00,'Activo'),(11,124,'12',2,1000.00,400.00,'Activo'),(12,144,'13',2,500.00,200.00,'Activo'),(13,150,'14',2,350.00,0.00,'Activo'),(14,152,'12',2,85.00,0.00,'Activo'),(15,162,'12',2,500.00,300.00,'Activo'),(16,168,'15',2,2500.00,1500.00,'Activo'),(17,171,'7',2,90.00,0.00,'Activo'),(18,203,'16',2,175.00,0.00,'Activo'),(19,212,'17',2,700.00,0.00,'Activo');
/*!40000 ALTER TABLE `credito` ENABLE KEYS */;
UNLOCK TABLES;

--
-- Table structure for table `gasto`
--

DROP TABLE IF EXISTS `gasto`;
/*!40101 SET @saved_cs_client     = @@character_set_client */;
/*!40101 SET character_set_client = utf8 */;
CREATE TABLE `gasto` (
  `ID_GASTO` int(11) NOT NULL,
  `COD_USU` int(11) DEFAULT NULL,
  `FECHA` date DEFAULT NULL,
  `HORA` time DEFAULT NULL,
  `MONTO` decimal(10,2) DEFAULT NULL,
  `CONCEPTO` varchar(512) CHARACTER SET utf8 COLLATE utf8_bin DEFAULT NULL,
  PRIMARY KEY (`ID_GASTO`),
  KEY `FK_REFERENCE_12` (`COD_USU`),
  CONSTRAINT `FK_REFERENCE_12` FOREIGN KEY (`COD_USU`) REFERENCES `usuario` (`COD_USU`)
) ENGINE=InnoDB DEFAULT CHARSET=utf8 COLLATE=utf8_spanish_ci;
/*!40101 SET character_set_client = @saved_cs_client */;

--
-- Dumping data for table `gasto`
--

LOCK TABLES `gasto` WRITE;
/*!40000 ALTER TABLE `gasto` DISABLE KEYS */;
INSERT INTO `gasto` VALUES (1,2,'2019-12-28','18:42:37',0.00,''),(2,2,'2020-01-21','18:21:42',50.00,'Gastos Universidad'),(3,2,'2020-01-23','09:14:24',15.00,'Gasolina'),(4,2,'2020-01-24','11:01:11',188.00,'Pago de inpuesto'),(5,2,'2020-01-24','19:48:35',20.00,'Papel Higienico'),(6,2,'2020-01-24','19:49:22',50.00,'Gasolina para Motos'),(7,1,'2020-01-25','17:36:05',5.00,'compra de bolsa para basura.'),(8,1,'2020-01-25','20:33:57',10455.00,'VARIOS GASTOS REALIZADOS Y CUADRE DE CAJA 25/01/2020 POR UNICA VEZ'),(9,5,'2020-01-26','10:36:09',10.00,'Lavado de Moto'),(10,2,'2020-01-27','17:14:23',120.00,'mochila que no se llevo '),(11,2,'2020-01-27','17:15:16',150.00,'Base para televisor en la casa'),(12,2,'2020-01-28','11:34:03',3000.00,'Pedido de Productos '),(13,2,'2020-01-28','11:37:05',380.00,'Pago de factura de Luz 27/01/2020'),(14,2,'2020-01-28','12:24:12',5.00,'Recarga Mash'),(15,2,'2020-01-28','15:42:18',35.00,'Se compro Una Resma de hojas Tamaño Oficio.'),(16,5,'2020-01-29','20:07:40',10.00,'Gasolina'),(17,2,'2020-01-30','15:43:30',250.00,'Pago de internet Local'),(18,2,'2020-01-30','15:44:28',250.00,'Pago de Internet Casa'),(19,5,'2020-01-31','09:58:52',5.00,'Compra de Bolsas para basura'),(20,5,'2020-01-31','19:42:24',30.00,'Pag cargoexpres 31/01/2020'),(21,2,'2020-02-01','20:30:28',100.00,'Accesorios para instalacion '),(22,2,'2020-02-01','20:31:21',25.00,'gastos moto'),(23,2,'2020-02-04','09:38:07',1688.00,'Pago de productos Intcomex 0302/2020'),(24,2,'2020-02-04','09:39:16',575.00,'Pago de productos Intcomex 03/02/2020'),(25,2,'2020-02-04','09:40:23',60.00,'Compra de manguera 04/02/2020'),(26,2,'2020-02-04','22:05:47',809.00,'Factura deventas  Productos\r\n04/02/2020 '),(27,2,'2020-02-04','22:07:36',450.00,'pago de cajas de registro 04/02/2020 '),(28,2,'2020-02-04','22:09:52',900.00,'Factura de Compra de Productos 04/02/2020'),(29,2,'2020-02-05','15:04:24',100.00,'pago de video Balun\r\n05/02/2020'),(30,2,'2020-02-05','15:05:04',100.00,'Pago de caja de herramientas cemaco 05/02/2020'),(31,2,'2020-02-07','10:38:45',1860.00,'Compra de Protectores Y vidrios '),(32,2,'2020-02-08','09:48:19',20.00,'compra de escoba'),(33,2,'2020-02-19','20:19:27',20.00,'asistin para limpieza'),(34,2,'2020-02-22','10:31:17',5.00,'Jabon en polvo'),(35,2,'2020-02-26','16:14:08',382.00,'compra de vidrios templados y antigolpes 26/02/2020'),(36,2,'2020-02-26','16:16:50',150.00,'compra de licencia de reset Canon'),(37,2,'2020-02-26','16:17:28',131.00,'Pago de impuesto SAT'),(38,2,'2020-02-26','16:20:22',206.00,'Compra de Colgadores para productos.'),(39,2,'2020-02-27','12:41:17',775.00,'compra de Antivirus  Nod32 27/02/2020'),(40,2,'2020-02-27','14:47:16',20.00,'compra de aerosol 27/02/2020'),(41,2,'2020-02-27','18:47:50',20.00,'GASTOS TEK'),(42,2,'2020-02-28','14:29:30',625.00,'deposito de compa de telefonos 28/02/2020 '),(43,2,'2020-02-28','14:29:34',0.00,''),(44,2,'2020-02-28','16:50:12',250.00,'Pago de Internet Casa 28/02/2020'),(45,2,'2020-02-28','18:37:06',80.00,'Compra de cintas porta carnet 28/02/2020'),(46,2,'2020-03-02','15:58:15',2900.00,'pago de productos Intcomex 02/03/2020'),(47,2,'2020-03-06','15:17:33',425.00,'Pago de protectores'),(48,2,'2020-04-02','13:58:19',400.00,'recarga 02/04/2020');
/*!40000 ALTER TABLE `gasto` ENABLE KEYS */;
UNLOCK TABLES;

--
-- Table structure for table `pago`
--

DROP TABLE IF EXISTS `pago`;
/*!40101 SET @saved_cs_client     = @@character_set_client */;
/*!40101 SET character_set_client = utf8 */;
CREATE TABLE `pago` (
  `ID_PAGO` int(11) NOT NULL,
  `COD_CREDI` int(11) DEFAULT NULL,
  `COD_USU` int(11) DEFAULT NULL,
  `MONTO` decimal(10,2) DEFAULT NULL,
  `FECHA` date DEFAULT NULL,
  `HORA` time DEFAULT NULL,
  PRIMARY KEY (`ID_PAGO`),
  KEY `FK_REFERENCE_10` (`COD_USU`),
  KEY `FK_REFERENCE_9` (`COD_CREDI`),
  CONSTRAINT `FK_REFERENCE_10` FOREIGN KEY (`COD_USU`) REFERENCES `usuario` (`COD_USU`),
  CONSTRAINT `FK_REFERENCE_9` FOREIGN KEY (`COD_CREDI`) REFERENCES `credito` (`COD_CREDI`)
) ENGINE=InnoDB DEFAULT CHARSET=utf8 COLLATE=utf8_spanish_ci;
/*!40101 SET character_set_client = @saved_cs_client */;

--
-- Dumping data for table `pago`
--

LOCK TABLES `pago` WRITE;
/*!40000 ALTER TABLE `pago` DISABLE KEYS */;
INSERT INTO `pago` VALUES (1,1,2,100.00,'2020-01-18','19:53:18'),(2,1,2,300.00,'2020-01-22','11:53:13'),(3,2,2,500.00,'2020-01-27','17:19:46'),(4,4,2,170.00,'2020-01-30','18:00:34'),(5,5,2,675.00,'2020-02-27','16:10:49'),(6,4,2,200.00,'2020-03-03','12:16:09'),(7,12,2,250.00,'2020-03-05','19:59:12'),(8,1,2,500.00,'2020-03-11','16:19:31'),(9,9,2,145.00,'2020-04-02','14:57:31'),(10,16,2,1000.00,'2020-04-25','16:27:51'),(11,18,2,175.00,'2020-06-02','09:44:52'),(12,11,2,600.00,'2020-06-16','17:15:17');
/*!40000 ALTER TABLE `pago` ENABLE KEYS */;
UNLOCK TABLES;

--
-- Table structure for table `producto`
--

DROP TABLE IF EXISTS `producto`;
/*!40101 SET @saved_cs_client     = @@character_set_client */;
/*!40101 SET character_set_client = utf8 */;
CREATE TABLE `producto` (
  `CODIGO_P` varchar(15) CHARACTER SET utf8 COLLATE utf8_bin NOT NULL,
  `COD_CAT` varchar(15) COLLATE utf8_spanish_ci DEFAULT NULL,
  `NOMBRE` varchar(150) COLLATE utf8_spanish_ci DEFAULT NULL,
  `DESCRIPCION` varchar(200) COLLATE utf8_spanish_ci DEFAULT NULL,
  `MARCA` varchar(150) COLLATE utf8_spanish_ci DEFAULT NULL,
  `CANTIDAD` int(11) DEFAULT NULL,
  `PRECIOV` decimal(8,2) DEFAULT NULL,
  `PRECIOC` decimal(8,2) DEFAULT NULL,
  `GANACIA` decimal(8,2) DEFAULT NULL,
  `IMAGEN` varchar(255) COLLATE utf8_spanish_ci DEFAULT NULL,
  PRIMARY KEY (`CODIGO_P`),
  KEY `FK_REFERENCE_5` (`COD_CAT`),
  CONSTRAINT `FK_REFERENCE_5` FOREIGN KEY (`COD_CAT`) REFERENCES `categoria` (`COD_CAT`)
) ENGINE=InnoDB DEFAULT CHARSET=utf8 COLLATE=utf8_spanish_ci;
/*!40101 SET character_set_client = @saved_cs_client */;

--
-- Dumping data for table `producto`
--

LOCK TABLES `producto` WRITE;
/*!40000 ALTER TABLE `producto` DISABLE KEYS */;
INSERT INTO `producto` VALUES (' 887111252715',NULL,'Cartucho 933XL','Cartucho de color Rojo ADONIAS ','HP',1,215.00,100.00,115.00,'0.jpg'),('000002413687',NULL,'Cable USB','Cable V8','BEST',3,20.00,10.00,0.00,'0.jpg'),('00006652',NULL,'transformadores ','transformadores de 12v','linet',0,25.00,20.00,5.00,'0.jpg'),('00033626415',NULL,'USB Iphone 8','Cargador para Iphone ','Iphone 8',0,40.00,20.00,20.00,'0.jpg'),('0010',NULL,'Cabezal de Cargador ','Cabezal de Cargador','Variado',2,20.00,13.00,7.00,'0.jpg'),('001012805615',NULL,'Travel Charger ','Cargador para Iphone ','CEL',0,60.00,33.00,27.00,'0.jpg'),('0011',NULL,'Cabezal para cargador ','Cabezal para cargador blanco','Variado ',10,15.00,5.00,10.00,'0.jpg'),('0012',NULL,'Cigarrera con entradas USB','Cigarrera de dos estilos ','Kbroad',2,80.00,42.00,38.00,'0.jpg'),('0013',NULL,'Cargador Tipo V3','Cargador Tipo V3','FCC',0,25.00,9.00,16.00,'0.jpg'),('0014',NULL,'Adaptador Bluetoth','Adaptador Bluetoth','Wireless Receiver',6,85.00,50.00,45.00,'0.jpg'),('0055',NULL,'Adaptador de Audio ','Adaptador de Audio ','ELE GATE ',2,70.00,35.00,35.00,'0.jpg'),('0056',NULL,'Adaptador de Red','Adaptador de Red Color Blanco ','ELE GATE ',2,65.00,45.00,20.00,'0.jpg'),('0060',NULL,'Cable de carga tipo C y V8','Cable de carga Tipo C y V8 color negro ','Variado ',0,20.00,10.00,10.00,'0.jpg'),('01',NULL,'Protector J1 ace','Protector Samsung','Variado ',15,35.00,20.00,15.00,'0.jpg'),('010343885295',NULL,'Tinta Epson ','Tinta 664 de color Negro','EPSON',2,95.00,76.00,19.00,'0.jpg'),('010343885301',NULL,'Tinta EPSON','Tinta de Color Celeste 664','EPSON',1,95.00,76.00,19.00,'0.jpg'),('010343885318',NULL,'Tinta EPSON','Tinta de color Rosada 664','EPSON',1,95.00,76.00,19.00,'0.jpg'),('010343885325',NULL,'Tinta Epson ','Tinta 664 de color Amarillo','EPSON ',0,95.00,76.00,19.00,'0.jpg'),('010343888265',NULL,'Tinta Epson','Tinta 673 de color negro','EPSON',6,95.00,71.00,24.00,'0.jpg'),('010343888272',NULL,'Tinta Epson ','Tinta 673 de Color Azul','EPSON',2,95.00,74.00,21.00,'0.jpg'),('010343888289',NULL,'Tinta Epson ','Tinta 673 de color Rojo','EPSON',2,95.00,79.00,16.00,'0.jpg'),('010343888302',NULL,'Tinta Epson ','Tinta 673 de color Azul Ligth','EPSON ',3,95.00,79.00,16.00,'0.jpg'),('010343888319',NULL,'Tinta Epson ','Tinta 673 de color Rojo Light','EPSON',2,95.00,79.00,16.00,'0.jpg'),('010343941977',NULL,'Tinta Epson ','Tinta 544 de color Negro ','EPSON ',3,95.00,76.00,19.00,'0.jpg'),('010343941984',NULL,'Tinta Epson','Tinta 544 de color Azul','EPSON',4,95.00,76.00,19.00,'0.jpg'),('010343941991',NULL,'Tinta Epson','Tinta 544 de color Rojo','EPSON',4,95.00,76.00,19.00,'0.jpg'),('010343942004',NULL,'Tinta Epson ','Tinta 544 de color Amarillo','EPSON ',1,95.00,76.00,19.00,'0.jpg'),('010343943735',NULL,'Impresora L3110','Impresora de Sistema continuo','EPSON',0,1162.00,1500.00,338.00,'0.jpg'),('013803258998',NULL,'Tinta Canon','Tinta 190 de color Azul','CANON',4,90.00,63.00,27.00,'0.jpg'),('013803259018',NULL,'Tinta Canon','Tinta 190 de color rojo','CANON',4,90.00,63.00,27.00,'0.jpg'),('013803259032',NULL,'Tinta Canon','Tinta 190de color Amarillo','CANON',4,90.00,63.00,27.00,'0.jpg'),('013803268201',NULL,'Tinta Canon ','Tinta 190 de color Negro','CANON',6,90.00,63.00,27.00,'0.jpg'),('014000000029',NULL,'Audifonos bluethot','Inalambrico ','Wireless',1,80.00,40.00,40.00,'0.jpg'),('02',NULL,'Protector Samsung','Samsung A6 y A6 Plus','variado',7,35.00,20.00,15.00,'0.jpg'),('03',NULL,'Protector Samsung','Samsung A7','variado ',1,35.00,20.00,15.00,'0.jpg'),('031262087409',NULL,'Audifonos  JAM','Bluetooth, 14 hrs carga, Resistente al sudor','JAM',1,200.00,110.00,90.00,'0.jpg'),('031262087584',NULL,'Reproductor JAM','Reproductor Bluetooth','JAM',1,200.00,133.00,67.00,'0.jpg'),('03500',NULL,'Control para Televisor ','Control para Plasma','Variado ',4,35.00,14.00,21.00,'0.jpg'),('04',NULL,'Protector Samsung','Samsung A8','variado',3,35.00,20.00,15.00,'0.jpg'),('04000',NULL,'Cigarrera','Cigarrera Color Blanco ','Samsung',5,25.00,10.00,15.00,'0.jpg'),('05',NULL,'Protector Samsung','Samsung A10','Variado ',9,35.00,20.00,15.00,'0.jpg'),('05000',NULL,'Cargador Tipo V8','Cargador de 2.4A','MADATEL ',14,25.00,9.00,16.00,'0.jpg'),('050036355469',NULL,'JBL TUNE','Llamadas con manos libre, color Negro','JBL',1,95.00,64.00,31.00,'0.jpg'),('050036355476',NULL,'JBL TUNE','Llamada con manos libres, Color Blanco','JBL',2,95.00,64.00,31.00,'0.jpg'),('050036355483',NULL,'JBL TUNE','Audifonos de Color Azul','JBL',0,95.00,64.00,31.00,'0.jpg'),('06',NULL,'Protector Samsung ','Samsung A10s','variado',16,35.00,20.00,15.00,'0.jpg'),('07',NULL,'Protector Samsung ','Samsung A20','Variado',8,35.00,20.00,15.00,'0.jpg'),('07000',NULL,'Cigarrera','Cigarrera Varios Colores ','MADATEL',5,30.00,12.00,18.00,'0.jpg'),('08',NULL,'Protector Samsung','Samsung A20s','variado',7,35.00,20.00,15.00,'0.jpg'),('09',NULL,'Protector Samsung ','Samsung A30 ','variado ',5,35.00,20.00,15.00,'0.jpg'),('09000',NULL,'Reproductor de Musica ','Reproductor Color Negro ','Variado ',1,90.00,40.00,50.00,'0.jpg'),('097855088741',NULL,'Teclado Logitech','Teclado USB Plug and Play','Logitech',2,100.00,65.00,35.00,'0.jpg'),('097855088765',NULL,'Logitech','Logitech K230','Logitech',1,165.00,90.00,75.00,'0.jpg'),('1',NULL,'Mobile speaker ','bocina bluethoot','Variado ',1,125.00,60.00,65.00,'0.jpg'),('10',NULL,'Protector Samsung','Samsung A30s','variado ',10,35.00,20.00,15.00,'0.jpg'),('100',NULL,'Servicios','Varios','Varios',489,0.00,0.00,0.00,'0.jpg'),('11',NULL,'Protector Samsung ','Samsung A50','variado',9,35.00,20.00,15.00,'0.jpg'),('12',NULL,'Protector Samsung','Samsung A70','Variado',7,35.00,20.00,15.00,'0.jpg'),('1234567890',NULL,'Magnetic','Estuche Magnetico','FASHION',13,75.00,45.00,30.00,'0.jpg'),('13',NULL,'Protector Samsung  ','Samsung S6','variado',3,35.00,20.00,15.00,'0.jpg'),('14',NULL,'Protector Samsung','Samsung J2 pro','variado',6,35.00,20.00,15.00,'0.jpg'),('15',NULL,'Protector Samsung','Samsung J2 core','variado',8,35.00,20.00,15.00,'0.jpg'),('1512161700',NULL,'UPGRADED','Auriculares ','i7S',1,100.00,70.00,30.00,'0.jpg'),('16',NULL,'Protector Samasung','Samsung J2 Prime','variado',10,35.00,20.00,15.00,'0.jpg'),('17',NULL,'Protector Samsung ','Samsung j4 ','variado',10,35.00,20.00,15.00,'0.jpg'),('18',NULL,'Protector Samsung','Samsung J4 plus ','variado',7,35.00,20.00,15.00,'0.jpg'),('19',NULL,'Protector SAmsung ','Samsung J5 pro','variado ',5,35.00,20.00,15.00,'0.jpg'),('190780030240',NULL,'Audifono HP','Audifonos Color negro ','HP',0,110.00,70.00,40.00,'0.jpg'),('190780132524',NULL,'Tinta HP','Tinta GT52 de color Azul','HP',0,95.00,75.00,20.00,'0.jpg'),('190780132548',NULL,'Tinta HP','Tinta GT52 de color Rojo ','HP',0,95.00,75.00,20.00,'0.jpg'),('190780132562',NULL,'Tinta HP','Tinta GT52 de color Amarillo','HP',0,95.00,75.00,20.00,'0.jpg'),('190780132586',NULL,'Tinta HP ','Tinta GT51 de color Negro ','HP',0,95.00,75.00,20.00,'0.jpg'),('191628034604',NULL,'Audifono HP','Audifono de Color Rojo ','HP',1,110.00,70.00,40.00,'0.jpg'),('191628034642',NULL,'Audifono HP','Audifono de color Azul ','HP',1,110.00,70.00,40.00,'0.jpg'),('192018806108',NULL,'Monitor Ultra ','Minitor HP de 27 Pulgadas','HP',1,1850.00,1495.00,355.00,'0.jpg'),('193808511264',NULL,'Laptop Hp ','Laptop hp 14 pulgadas ','HP',0,2750.00,2128.00,622.00,'0.jpg'),('20',NULL,'Protecotor Samsung ','Samsung J6','variado',11,35.00,20.00,15.00,'0.jpg'),('200',NULL,'Vidrio Templado normal ','Varios Modelos ','Variado',390,25.00,5.00,20.00,'0.jpg'),('201910190001663',NULL,'Telefono Zelu C400','Zelu C400 Color Dorado ','ZELU',1,300.00,220.00,80.00,'0.jpg'),('201910190003510',NULL,'Celular C400','ZELU Color Gris ','ZELU ',0,300.00,220.00,80.00,'0.jpg'),('21',NULL,'Protector Samsung ','Samsung J6 plus','variado ',8,35.00,20.00,15.00,'0.jpg'),('22',NULL,'Protector Samsung ','Samsung J7 Pro, Prime, Neo ','variado ',13,35.00,20.00,15.00,'0.jpg'),('223487209',NULL,'USB Cable','Cable de 2m V8','REMAX',2,35.00,15.00,20.00,'0.jpg'),('23',NULL,'Protector Samsung','Samsung S8','Varios ',11,35.00,20.00,15.00,'0.jpg'),('24',NULL,'Protector Samsung','Samsung S9 plus','variados',7,35.00,20.00,15.00,'0.jpg'),('2488254785788',NULL,'Cablde USB','Cable USB Tipo C y Iphone','USB Cable',13,40.00,25.00,15.00,'0.jpg'),('25',NULL,'Protector Samsung ','Samsung J8','Varios',4,35.00,20.00,15.00,'0.jpg'),('25000',NULL,'Impresora Multifuncional','Sistema Continuo ','HP',0,1500.00,1275.00,225.00,'0.jpg'),('2502598014875',NULL,'hub 4 Ports','entradas USB','eTouch',2,50.00,25.00,25.00,'0.jpg'),('26',NULL,'Protector Samsung','Samsung s10 plus','Varios ',3,35.00,20.00,15.00,'0.jpg'),('27',NULL,'Protector Samsung','Samsung s10','varios',3,35.00,20.00,15.00,'0.jpg'),('28',NULL,'Protector Huawei','Huawei mate 20 pro','varios',3,35.00,20.00,15.00,'0.jpg'),('29',NULL,'Protector Huawei ','Huawei Y5 2018','Varios',7,35.00,20.00,15.00,'0.jpg'),('30',NULL,'Protector Huawei','Huawei Y5 LITE 2018','varios',13,35.00,20.00,15.00,'0.jpg'),('300',NULL,'Vidrio Templado complet ','Varios Modelos ','Variado ',93,40.00,20.00,20.00,'0.jpg'),('31',NULL,'Protector Huawei','Huawei Y6 2018','varios',3,35.00,20.00,15.00,'0.jpg'),('31000',NULL,'Extension USB','Cable USB color Azul de 10m','Desconocido ',2,125.00,65.00,60.00,'0.jpg'),('31070',NULL,'Extension USB','Extension USB Color Azul 5m','Desconocido',2,75.00,40.00,35.00,'0.jpg'),('32',NULL,'Protector Huawei','Huawei Y6 2019','varios',5,20.00,35.00,15.00,'0.jpg'),('33',NULL,'Protector Huawei','Huawei Y7 2019','varios',3,35.00,20.00,15.00,'0.jpg'),('333241698897970',NULL,'Audifonos SPORTS ','Audifonos Bluetooth','Sports',4,80.00,30.00,50.00,'0.jpg'),('33647182009',NULL,'Cable USB ','Cable Transparente V8','Desconocido',1,20.00,10.00,10.00,'0.jpg'),('34',NULL,'Protector Huawei','Huawei Y9 2019','varios',11,35.00,20.00,15.00,'0.jpg'),('35',NULL,'Protector Huawei','Huawei Y9 2018','Varios',5,35.00,20.00,15.00,'0.jpg'),('353448090529391',NULL,'telefono Zelu ','Zelu C450 COLOR BLANCO ','ZELU',2,300.00,261.00,39.00,'0.jpg'),('353448090531538',NULL,'Celular C450','ZELU Color Blanco','ZELU',1,300.00,220.00,80.00,'0.jpg'),('356272087793886',NULL,'Telefono Zona A1103','Zona A1103 Color Azul','Zona',1,300.00,261.00,39.00,'0.jpg'),('356272088047779',NULL,'Telefono Zona E1272','Zona E1272 Color Dorado ','Zona',1,300.00,261.00,39.00,'0.jpg'),('356811100043751',NULL,'Tlefono de tapadera mtt','Mtt de color Dorado modelo f21','MTT',1,150.00,100.00,50.00,'0.jpg'),('359345087318669',NULL,'Telefono Zona 5310','Zona 5310 color Negro ','Nokia Zona 3510',1,175.00,125.00,50.00,'0.jpg'),('359345087621864',NULL,'Telefono 50-10','Alcatel one touch Color Blanco ','Alcatel ',1,175.00,125.00,50.00,'0.jpg'),('36',NULL,'Protector Huawei','Huawei Y9 prime','varios',10,35.00,20.00,15.00,'0.jpg'),('3698248514570',NULL,'QQ-134','Audifonos con cable color Azul','Sport',1,35.00,15.00,20.00,'0.jpg'),('37',NULL,'Protector Huawei','Huawei P20, P20 pro','Variado',5,35.00,20.00,15.00,'0.jpg'),('38',NULL,'Protector Huawei','Huawei P20 Lite','varios',14,35.00,20.00,15.00,'0.jpg'),('39',NULL,'Protector Huawei','Huawei P30 Lite, Pro','Variado ',2,35.00,20.00,15.00,'0.jpg'),('40',NULL,'Protector Samsung','samsung S9','Variado ',2,35.00,20.00,15.00,'0.jpg'),('41',NULL,'Protector Samsung','Samsung s8 Plus ','Variado',3,35.00,20.00,15.00,'0.jpg'),('42 ',NULL,'Protector Samsung','Samsung S7, S7 Edge ','Variado ',7,35.00,20.00,15.00,'0.jpg'),('43',NULL,'Protector Iphone ','Iphone XS,11','Variado ',9,35.00,20.00,15.00,'0.jpg'),('44',NULL,'Protector Iphone ','Iphone 7','Variado ',8,35.00,20.00,15.00,'0.jpg'),('45',NULL,'Protector Iphone','Iphone 7 Plus ','Variado',6,35.00,20.00,15.00,'0.jpg'),('4549292055191',NULL,'Impresora Canon','Impresora canon E402','Canon E402',0,350.00,290.00,60.00,'0.jpg'),('46 ',NULL,'Protector Iphone ','Iphone 6, 6plus','Variado ',5,35.00,20.00,15.00,'0.jpg'),('47',NULL,'Protector Samsung','Samsung A80','Variado',3,35.00,20.00,15.00,'0.jpg'),('4712477114819',NULL,'USB 2.0','USB de 16GB color Celeste ','HP ',1,70.00,40.00,30.00,'0.jpg'),('4712477115038',NULL,'USB 2.0 ','USB de 16GB color Gris y Naranja ','HP',1,70.00,40.00,30.00,'0.jpg'),('4712847094048',NULL,'USB 2.0','USB de 16GB ','HP',1,70.00,40.00,30.00,'0.jpg'),('4712847094765',NULL,'USB 2.0 ','USB de 16GB metal','HP',1,70.00,40.00,30.00,'0.jpg'),('4712847095212',NULL,'USB 2.0','USB  DE 16GB','HP',1,70.00,40.00,30.00,'0.jpg'),('4712847096370',NULL,'USB 2.0','USB de 16GB color Amarillo','HP',1,70.00,40.00,30.00,'0.jpg'),('4712847096691',NULL,'USB 2.0','USB de 16GB color Naranja ','HP ',1,70.00,40.00,30.00,'0.jpg'),('4713392426643',NULL,'Monitor HD Led','Monitor de 19.5 pulgadas Acer ','Acer ',1,715.00,511.00,204.00,'0.jpg'),('4713883749527',NULL,'Laptop Acer ','Laptop core i3 15.6  ','Acer',0,2891.00,3500.00,434.00,'0.jpg'),('4718050602322',NULL,'MicroSD Class4','MicroSD de 4GB ','ADATA ',1,40.00,20.00,20.00,'0.jpg'),('48',NULL,'Protector Motorola ','Motorola E5play go','Variado ',15,35.00,20.00,15.00,'0.jpg'),('4893170600486',NULL,'USB flash drive k-101','USB de 4GB  de color Amarillo','AION',1,40.00,20.00,20.00,'0.jpg'),('4894461773803',NULL,'Telefono 1066 alcatel ','Alcatel Color Blanco ','Alcatel ',1,150.00,100.00,50.00,'0.jpg'),('4894461785868',NULL,'Telefono Alcatel 1','Alcatel 1 Color metal dorado ','Alcatel',1,500.00,420.00,80.00,'0.jpg'),('49',NULL,'Protector Motorola ','Motorola Varios, G7 Play, G7 Power','Varios',13,35.00,20.00,15.00,'0.jpg'),('4945664104557',NULL,'HDMI','HDMI de 1.8m','Desconocido',2,50.00,25.00,25.00,'0.jpg'),('4960999973708',NULL,'Cartucho ','Cartucho para 210','Canon',2,150.00,30.00,120.00,'0.jpg'),('4960999973739',NULL,'Cartucho ','Cartucho para 211','Canon',3,150.00,30.00,120.00,'0.jpg'),('4962242085404',NULL,'Cigarerra ','Cigarerra con dos entradas USB','Desconocida',2,25.00,10.00,15.00,'0.jpg'),('50',NULL,'Protector Variados ','P9 Lite, note 9 y 10','variado ',5,35.00,20.00,15.00,'0.jpg'),('51',NULL,'Protector Huawei','Huawei Mate 10 lite','Variado ',10,35.00,20.00,15.00,'0.jpg'),('55',NULL,'Protector Varios ','Protector de varios telefonos','variado ',10,35.00,20.00,15.00,'0.jpg'),('588003973115',NULL,'NOD32','Antivirus DE 1 año','ESET',2,195.00,154.00,41.00,'0.jpg'),('599413',NULL,'Capturador de video ','Usb 2.0 Video Adapter ','RCA',0,250.00,150.00,100.00,'0.jpg'),('619659066888',NULL,'Micro SD With Adapter ','Micro SD de 16GB','San Disk',3,75.00,30.00,45.00,'0.jpg'),('619659091392',NULL,'Cruzer Force ','USB de 16GB ','SanDisk',1,80.00,40.00,40.00,'0.jpg'),('619659091408',NULL,'USB Flash Drive','USB  de metal de 32GB','SanDisk',4,100.00,48.00,52.00,'0.jpg'),('619659102135',NULL,'USB sandisk','16 GB 3.0 ','Sandisk ',6,75.00,35.00,40.00,'0.jpg'),('619659102197',NULL,'Memoria USB','Memoria de 64GB','SanDisk',1,150.00,80.00,70.00,'0.jpg'),('619659115883',NULL,'Cruzer Force ','USB de 16GB negro','SanDisk',1,80.00,40.00,40.00,'0.jpg'),('619659142032',NULL,'USB Dual Drive','USB Dual Drive 16GB Tipo C 3.1','SanDisk',1,100.00,63.00,37.00,'0.jpg'),('619659149598',NULL,'Sandisk ULTRA','Dual Drive m3.0','SanDisk',2,100.00,66.00,34.00,'0.jpg'),('619659163372',NULL,'USB Ultra fit ','USB 16 gb 3.1','Sandisk',0,80.00,39.00,41.00,'0.jpg'),('6420',NULL,'Adaptador Tipo C','Adaptador Tipo C','ACC',4,20.00,5.00,15.00,'0.jpg'),('6438409605559',NULL,'Telefono NOkia 105','Nikia 105 Color Blanco','Nokia',1,200.00,174.00,26.00,'0.jpg'),('6901443259618',NULL,'Telefon Y5 2018','Y5 2018 Color Dorado ','Huawei',1,600.00,522.00,78.00,'0.jpg'),('6901443288786',NULL,'Telefono Y6 2019','Y6 2019 Negro Ònix','Huawei',0,870.00,1000.00,130.00,'0.jpg'),('6901443293421',NULL,'Celular Y6 2019','Huawei color Cafe Caramelo','Huawei',0,920.00,1000.00,80.00,'0.jpg'),('6901443311682',NULL,'Telefono Y9 Prime 2019','Y9 Prime Color Azul Safiro','Huawei ',1,2500.00,2175.00,325.00,'0.jpg'),('6902130638259',NULL,'Cargador para Iphone ','Cargador para Iphone Color Blanco','Kingboard',2,55.00,25.00,30.00,'0.jpg'),('6902130638280',NULL,'Car Charger','Cargador para Automovil','Kingboard',2,45.00,20.00,25.00,'0.jpg'),('6925281919053',NULL,'JBL HARMAN ','Comando con microfono, cable  plano ','JBL',1,160.00,124.00,36.00,'0.jpg'),('6925281950148',NULL,'Endurance Run','Audifonos  de color Celeste','JBL',0,150.00,115.00,35.00,'0.jpg'),('6925871614764',NULL,'Auricular Estereo ','Auricular color blanco ','ewtto',1,35.00,15.00,20.00,'0.jpg'),('6925871618991',NULL,'Auriculares Estereo','Auriculares de Diferentes colores','ewtto',3,35.00,15.00,20.00,'0.jpg'),('6925871636292',NULL,'BT MODE SPEAKER ','Bocinas de 1200w de Color Azul','EWTTO',0,350.00,250.00,100.00,'0.jpg'),('6925871636308',NULL,'BT MODE SPEAKER','Bocinas de 1200w de color Rojo ','EWTTO',0,350.00,250.00,100.00,'0.jpg'),('6925871641227',NULL,'Aux Cable 3.5mm','Cable Auxuiliar de color AZUL','EWTTO',1,20.00,10.00,10.00,'0.jpg'),('6925871642590',NULL,'Auriculares Inalambricos ','Auriculares NEGRO  Bluetooth','EWTTO',1,175.00,95.00,80.00,'0.jpg'),('6925871642859',NULL,'Auriculares Inalambricos ','Auriculares GRIS Bluetooth','EWTTO',0,150.00,75.00,75.00,'0.jpg'),('6925871643283',NULL,'Extra BASS','Auriculares Bluetooth color Rosa','EWTTO',0,150.00,75.00,75.00,'0.jpg'),('6925871666237',NULL,'Cargador 3.1A','Cargador de Viaje ','ewtto',2,45.00,20.00,25.00,'0.jpg'),('6925871666565',NULL,'Cargador ','Cargador con tres entradas ','EWTTO',0,50.00,25.00,25.00,'0.jpg'),('6933138622018',NULL,'Cargador tipo v8 color blanco ','cargador 2.4.A','LDNIO ',25,60.00,40.00,20.00,'0.jpg'),('6934086680198',NULL,'Control Universal ','Control Color Naranja ','Variado',1,30.00,12.00,18.00,'0.jpg'),('6934086682567',NULL,'Control Universal','Control de color Celeste ','Variado ',1,30.00,12.00,18.00,'0.jpg'),('6938630605057',NULL,'Cable Plu a Plu','Cable de audio diferentes colores','Senial',10,20.00,5.00,15.00,'0.jpg'),('6938630605156',NULL,'cable para DVD','Cable DVD diferentes Colores ','Senial',5,20.00,6.00,14.00,'0.jpg'),('6949513265114',NULL,'Audifonos de cable ','Audifonos de cable de varios colores ','Pacino',3,35.00,15.00,20.00,'0.jpg'),('6954273666446',NULL,'Camara ColorVu ','camara de 2 megapixeles ','HIKVISION',1,0.00,350.00,0.00,'0.jpg'),('6954851235491',NULL,'Cable Aux 3.5','Cable Aux 3.5 1m','Remax',9,35.00,23.00,12.00,'0.jpg'),('6954851278900',NULL,'Cable Usb ','CAble Para Iphone1.0 m Color Amarrillo ','Remax',0,35.00,22.00,13.00,'0.jpg'),('6954851278917',NULL,'Cable para Iphone ','Cable para Iphone Color Blanco 1m','Remax',3,35.00,22.00,13.00,'0.jpg'),('6954851289470',NULL,'Cable tipo V8','Cable tipo V8 Color Blanco ','Remax',3,35.00,22.00,13.00,'0.jpg'),('6954851289487',NULL,'Cable Tipo V8','Cable Tipo V8 Color Azul','Remax',5,35.00,22.00,13.00,'0.jpg'),('6954851289500',NULL,'Cable tipo C ','Cable tipo C color negro','Remax',3,35.00,22.00,13.00,'0.jpg'),('6954851289784',NULL,'OTG & USB','adaptador USB a V8','Remax',1,35.00,15.00,20.00,'0.jpg'),('6957531074533',NULL,'Cable de V8','Cable tipo V8','Hoco',1,75.00,50.00,25.00,'0.jpg'),('6968992886863',NULL,'Audifonos con cable ','color Blanco','JBL  Under Armour',1,35.00,13.00,22.00,'0.jpg'),('6983646411963',NULL,'TYPE -C','Adaptador tipo C','OTG USB',3,35.00,20.00,15.00,'0.jpg'),('718037855448',NULL,'Disco Duro Externo','1TB de almacenamiento, Compatibilidad W10, W8.1, W7, macOS','WD Elements',0,600.00,437.00,163.00,'0.jpg'),('723755127548',NULL,'Telefono Motoe5play ','Color Negro ','Motorola ',0,700.00,609.00,91.00,'0.jpg'),('723755127579',NULL,'Moto e5 Play ','Motorola color Dorado ','Motorola',1,700.00,620.00,80.00,'0.jpg'),('725835788625',NULL,'Celular Nitro 4 Go','Maxwest Black','Maxwest',1,300.00,220.00,80.00,'0.jpg'),('725835788632',NULL,'Nitro 4GO','Maxwest color Blanco','Maxwest',1,300.00,220.00,80.00,'0.jpg'),('725835788960',NULL,'Telefono Neo Flip Plus ','Neo Flip Plus Color Dorado ','Maxwest',1,200.00,174.00,26.00,'0.jpg'),('7402391900007',NULL,'Sistema de Audio Multimedia ','Bocinas de 10w','ENDUS',1,175.00,125.00,50.00,'0.jpg'),('7402391900038',NULL,'Mouse Optico','Mouse con cable color negro','GREEN',1,40.00,20.00,20.00,'0.jpg'),('7402391900052',NULL,'Mouse Optico ','Mouse con cable color Gris','GREEN',1,40.00,20.00,20.00,'0.jpg'),('740617128147',NULL,'Micro SD Class 4','Micro SD de 8GB','Kingston',2,50.00,24.00,26.00,'0.jpg'),('740617198256',NULL,'DataTraveler ','USB de 16 GB metal','Kingston',1,80.00,40.00,40.00,'0.jpg'),('740617211702',NULL,'DataTraveler  100','USB DE 16 GB Colr Negro ','Kingston',2,75.00,30.00,45.00,'0.jpg'),('740617211719',NULL,'Data Traveler 100','USB negro de 32GB','Kingston',2,90.00,35.00,55.00,'0.jpg'),('740617220445',NULL,'Data Traveler ','USB de 8GB de color Blanco y Amarillo','Kingston',-1,50.00,30.00,20.00,'0.jpg'),('740617220452',NULL,'DataTraveler ','USB de 16GB','Kingston',2,70.00,30.00,40.00,'0.jpg'),('740617220476',NULL,'Memoria USB ','Memoria de 64GB','Kingston',0,150.00,75.00,75.00,'0.jpg'),('740617230734',NULL,'MicroDuo 3.0','MicroDuo de 16GB','Kingston',1,90.00,50.00,40.00,'0.jpg'),('740617255638',NULL,'DataTraveler 50','USB de metal con verde 16GB','Kingston ',1,75.00,34.00,41.00,'0.jpg'),('740617274646',NULL,'Micro SD ','Micro SD de 16GB','Kingston',1,75.00,30.00,45.00,'0.jpg'),('740617274707',NULL,'Micro SD','Micro SD  de 32GB ','Kingston',2,90.00,50.00,40.00,'0.jpg'),('740617274769',NULL,'Micro SD ','Micro SD de 64GB','Kingston',0,150.00,90.00,60.00,'0.jpg'),('740617283280',NULL,'Data Traveler Mini ','USB de metal de 64GB','Kingston',2,150.00,64.00,86.00,'0.jpg'),('740617289190',NULL,'Data Traveler ','USB de 16GB negro ','Kingston ',1,70.00,40.00,30.00,'0.jpg'),('740617293555',NULL,'USB  Kinston ','Usb 32 gb 2.0','Kingston ',2,80.00,35.00,45.00,'0.jpg'),('740617297300',NULL,'Memoria Micro SD','Memoria de 16GB','Kingston',0,75.00,30.00,45.00,'0.jpg'),('740617297737',NULL,'Memoria USB','Memoria de 32GB','Kingston',1,90.00,40.00,50.00,'0.jpg'),('740617298680',NULL,'usb Canvas ','Usb 32gb','Kingston',1,90.00,34.00,56.00,'0.jpg'),('740617298697',NULL,'usb canvas select ','usb 64gb','Kingston ',0,150.00,66.00,84.00,'0.jpg'),('740617298703',NULL,'Usb canvas ','Usb 128Gb','Kingston',1,200.00,140.00,60.00,'0.jpg'),('741253698000',NULL,'Desing for iPhone ','Adaptador para iPhone','iPhone',1,55.00,20.00,35.00,'0.jpg'),('7500',NULL,'Cable para Amplificadores','Cable para Amplificadores CE20','GIO',2,50.00,22.00,28.00,'0.jpg'),('7503027214007',NULL,'Cargador tipo V8','Cargador Color Negro, Blanco','ORA',5,35.00,18.00,17.00,'0.jpg'),('7506086621984',NULL,'Convertidor Bluetooth','Adaptador Bluetooth','Green Leaf',2,80.00,40.00,40.00,'0.jpg'),('7506086625968',NULL,'Cable VGA','Cable VGA 1.8mts','Green Leaf',1,35.00,20.00,15.00,'0.jpg'),('7506086635066 ',NULL,'Ponchadora y pelador de CAbles ','Solo Ponchadora color naranja ','Bork',1,100.00,55.00,45.00,'0.jpg'),('7506086652841',NULL,'Mini HUB 4puertos ','4 puertos de 3.0','Green Leaf',1,100.00,65.00,35.00,'0.jpg'),('75234981300',NULL,'Remax Internacional ','Cable tipo V8','REMAX',1,20.00,10.00,10.00,'0.jpg'),('784644755167',NULL,'4 ports USB 2.0','4 puertos USB DE 2.0','ONA',1,50.00,25.00,25.00,'0.jpg'),('798302010369',NULL,'Regleta','6 sokets ','Forza',7,40.00,27.00,13.00,'0.jpg'),('798302033153',NULL,'LaptopCase','Maletin para Laptop','Klip Xtreme ',1,185.00,118.00,67.00,'0.jpg'),('798302034129',NULL,'Adaptador Wifi ','150Mbps','Nexxt ',0,90.00,40.00,50.00,'0.jpg'),('798302055445',NULL,'Switch','Switch con 5 puertos ','NEXXT',2,100.00,45.00,55.00,'0.jpg'),('798302055858',NULL,'Router Wireless','Universal, Inalambrico,  Puente WDS','Nexxt',0,150.00,103.00,47.00,'0.jpg'),('798302055971',NULL,'Lynx 301','Apadtador Wifi ','NEXXT',0,100.00,54.00,46.00,'0.jpg'),('798302070332',NULL,'Laptop Sleeve ','Funda Reversible para laptop','Klip Xtreme ',2,90.00,60.00,30.00,'0.jpg'),('798302070967',NULL,'NeatBuds','Balance y Claridad de sonido','KLIP XTREME ',1,65.00,51.00,14.00,'0.jpg'),('798302071087',NULL,'Bocinas Acusticas','bocina de 20w','Klip Xtreme ',1,375.00,292.00,83.00,'0.jpg'),('798302071759',NULL,'Mochila para Laptop ','Mochila color Azul y Gris ','Klip Xtreme ',1,190.00,130.00,60.00,'0.jpg'),('798302071766',NULL,'Mochila para Laptop','Tamaño 16\" Color Rojo','Klip xtreme ',0,190.00,148.00,42.00,'0.jpg'),('798302071773',NULL,'Mochila Para Laptop','Tamaño 16\" Color Gris ','Klipextreme ',1,190.00,148.00,42.00,'0.jpg'),('798302071797',NULL,'Mochila Laptop BackPack','Mochila de color Azul ','Klip Xtreme ',0,130.00,66.00,64.00,'0.jpg'),('798302071810',NULL,'Mochila Klip Xtreme','Mochila para laptop color Rojo, Gris','Klip Xtreme ',0,155.00,190.00,35.00,'0.jpg'),('798302072152',NULL,'Mouse Klip Xtreme','Mouse inalambrico color Rojo ','Klip Xtreme ',0,110.00,52.00,58.00,'0.jpg'),('798302074798',NULL,'Bocinas con Cable','KES 215R, Stereospeakers, Compatibles con computadora','Klip Xtreme',2,100.00,68.00,32.00,'0.jpg'),('798302074828',NULL,'Bocinas con Cable','Con cable compatible con computadoras y celulares etc,','Klip Xtreme',2,100.00,68.00,32.00,'0.jpg'),('798302076105',NULL,'Laptop Sleeve ','Funda Kolours para Laptop 14.1','Klip Xtreme ',2,85.00,52.00,33.00,'0.jpg'),('798302076112',NULL,'Laptop Sleeve ','Funda para Laptop de 15.6 pulgadas','Klip Xtreme',1,100.00,55.00,45.00,'0.jpg'),('798302076266',NULL,'Shadow Optical Mouse ','Mouse con cable color gris','Klip Xtreme ',1,60.00,40.00,20.00,'0.jpg'),('798302076273',NULL,'Optical Mouse ','Mouse Retractable color negro ','Klip Xtreme ',1,65.00,40.00,25.00,'0.jpg'),('798302077331',NULL,'Audifonos Fury','Color Negro, Inalambrica, Micro-USB Diadema ajsutable','Klip Xtreme',1,160.00,96.00,64.00,'0.jpg'),('798302077348',NULL,'Audifonos Fury','Azul y Negro Inalambrica, Micro-USB Diadema ajsutable','Klip Xtreme',0,160.00,99.00,61.00,'0.jpg'),('798302077492',NULL,'Audifonos AkoustikFX','Audifonos con Cable','Klip Xtreme ',1,175.00,115.00,60.00,'0.jpg'),('798302077515',NULL,'BluWavell','Bocina de 40w Bluetooth','Klip Xtreme ',0,500.00,395.00,105.00,'0.jpg'),('798302077676',NULL,'Mouse Klip Xtreme ','Mouse inalmabrico Color Azul','Klip Xtreme',1,110.00,52.00,58.00,'0.jpg'),('798302077911',NULL,'Teclado DeskMate KCK-251S','Teclado, Mouse color negro , Cable','Klip Xtreme ',1,150.00,75.00,75.00,'0.jpg'),('798302077935',NULL,'Silent Click Quiet','Mouse con cable de color azul ','Klip Xtreme ',2,80.00,40.00,40.00,'0.jpg'),('798302077966',NULL,'Audifonos Fury ','Audifonos Bluetooth','Klip Xtreme ',1,160.00,85.00,75.00,'0.jpg'),('798302077973',NULL,'Audifonos Fury ','Color Gris y Negro Inalambrica, Micro-USB Diadema ajsutable','Klip Xtreme',0,160.00,98.00,62.00,'0.jpg'),('798302107434',NULL,'Forza ','Regleta de 110v','FORZA',7,50.00,32.00,18.00,'0.jpg'),('798302120150',NULL,'NotebookCase ','Maletin para Notebook','Klip Xtreme ',2,111.00,175.00,64.00,'0.jpg'),('798302161412',NULL,'Mouse Bellixus','Mouse Gamer con cable ','Xtech',1,125.00,55.00,70.00,'0.jpg'),('798302161436',NULL,'Cable para Impresora ','Cable para Impresora XTC110','Xtech',9,25.00,10.00,15.00,'0.jpg'),('798302161443',NULL,'Cable para Laptop ','Cable para Laptop XTC120','Xtech',9,35.00,15.00,20.00,'0.jpg'),('798302161467',NULL,'Discipador para Portatil','Discipador de aire XTA150','Xtech ',1,95.00,60.00,35.00,'0.jpg'),('798302161641',NULL,'Teclado Provocateur XTK500s','Teclado para video juegos, USB, ','Xtech',1,95.00,66.00,29.00,'0.jpg'),('798302161702',NULL,'Mouse XTM 300','Mouse inalambrico 3D 4 botones, USB Sensor optico','Xtech',2,70.00,37.00,33.00,'0.jpg'),('798302161719',NULL,'USB 3.0 A-male ','USB macho A a Micro USB','Xtech',2,30.00,15.00,15.00,'0.jpg'),('798302161733',NULL,'UPS','500v 250w','Xtech ',0,325.00,225.00,100.00,'0.jpg'),('798302161757',NULL,'HDMI XTC370','HDMI DE 7.6 m','Xtech ',5,75.00,39.00,36.00,'0.jpg'),('798302161788',NULL,'HDMI XTC380','HDMI de 15m','Xtech',1,150.00,90.00,60.00,'0.jpg'),('798302161825',NULL,'HDMI XTC415','HDMI DE 4.57 m','Xtech',1,60.00,40.00,20.00,'0.jpg'),('798302161849',NULL,'HDMI XTC406','HDMI de 1.8 m','Xtech',0,50.00,25.00,25.00,'0.jpg'),('798302162037',NULL,'UPS With','UPS regula voltaje automaticamente','Xtech',0,350.00,256.00,94.00,'0.jpg'),('798302162181',NULL,'Teclado XTK160S','teclado con cable ','Xtech',1,75.00,25.00,50.00,'0.jpg'),('798302162204',NULL,'Mouse Xtm 165','Con Cable USB, Optical Sensor','Xtech',4,35.00,15.00,20.00,'0.jpg'),('798302165014',NULL,'Mouse USB','Cable USB retractable ','Xtech ',1,50.00,19.00,31.00,'0.jpg'),('798302167032',NULL,'CABLE HDMI','Cable 3mts XTC152','Xtech',8,50.00,19.00,31.00,'0.jpg'),('798302167117',NULL,'Mole Cable ','Cable para impresora XTC303','Xtech',4,35.00,20.00,15.00,'0.jpg'),('798302167155',NULL,'Cable Mole USB 2.0','Cable para impresora','Xtech',9,25.00,15.00,10.00,'0.jpg'),('798302167179',NULL,'Data Cable ','Cable Data XTC309','Xtech',10,15.00,10.00,5.00,'0.jpg'),('798302167186',NULL,'Molex To SATA','Cable SATA XTC310','Xtech',5,20.00,10.00,10.00,'0.jpg'),('798302167193',NULL,'Cable HDMI','HDMI de 1.8mts XTC311','Xtech',2,40.00,16.00,24.00,'0.jpg'),('798302167414',NULL,'Extencion HDMI','Extencion HDMI XTC333','Xtech',2,45.00,15.00,30.00,'0.jpg'),('798302167469',NULL,'HDMI XTC338','HDMI DE 4.57M','Xtech',4,55.00,24.00,31.00,'0.jpg'),('798302168008',NULL,'Teclado  XTK130','teclado con cable Multimedia ','Xtech',0,85.00,32.00,53.00,'0.jpg'),('798302169913',NULL,'Adaptador HDMI','Adaptador Ajustable ','Xtech',1,50.00,25.00,25.00,'0.jpg'),('798302169975',NULL,'Extencion USB ','Extencion USB XTC353','Xtech',3,45.00,27.00,18.00,'0.jpg'),('798302180680',NULL,'Teclado Stylus KKS-050S','Teclado color negro con cable','Klip Xtreme',2,100.00,50.00,50.00,'0.jpg'),('798303071222',NULL,'Abacus ','Teclado Numerico ','Klip Xtreme',1,100.00,50.00,50.00,'0.jpg'),('798303111119',NULL,'Cabl de Poder ','Cable de Poder XTC210','Xtech',5,30.00,15.00,15.00,'0.jpg'),('798307162575',NULL,'Gel Mouse Pad','Mouse Pad XTA526','Xtech',3,60.00,30.00,30.00,'0.jpg'),('798336162867',NULL,'Mochila Para Laptop ','Tamaño 16\" Color Gris','Xtech',1,112.00,160.00,63.00,'0.jpg'),('798337162873',NULL,'Mochila para laptop ','Tamaño 16\" color Azul','Xtech',1,115.00,175.00,60.00,'0.jpg'),('798368163191',NULL,'Mouse Lethal Haze','Mouse Gamer con Cable','Xtech',1,125.00,60.00,65.00,'0.jpg'),('798371163225',NULL,'Teclado Revenger XTK520s','Teclado para video juegos con cable, Iluminación LED 3 colores USB','Xtech',2,135.00,102.00,33.00,'0.jpg'),('798386163371',NULL,'Audifonos XTH620','Audifonos Color Negro','Xtech',1,150.00,90.00,60.00,'0.jpg'),('798391163427',NULL,'Cable Hdmi ','Cable de 1.8m','Xtech',1,80.00,40.00,40.00,'0.jpg'),('798399163504',NULL,'Audifonos Sound Art','Ideal para niños, colores,','Xtech',1,110.00,55.00,55.00,'0.jpg'),('798401163522',NULL,'Bocinas Portable ','Bluetooth, compatible, color naranja','Xtech',1,125.00,85.00,40.00,'0.jpg'),('798403163544',NULL,'Bocina Floyd','Reproductor Bluetooth','Xtech',1,100.00,70.00,30.00,'0.jpg'),('798412163634',NULL,'Bocina Inalambrica','6W de potencia, Inalambrica,  10 metros de distancia color celeste','Xtech',1,125.00,85.00,40.00,'0.jpg'),('798416163678',NULL,'Mouse Pad ','Alfombrilla para mouse color Azul','Xtech',6,15.00,5.00,10.00,'0.jpg'),('798419163705',NULL,'Mouse Inalambrico GALOS 310 ','Color Negro, Inalambrico','Xtech',2,65.00,33.00,32.00,'0.jpg'),('798420163718',NULL,'Mouse Inalambrico GALOS 310 ','Color Rojo, Inalambrico','Xtech',1,65.00,33.00,32.00,'0.jpg'),('798421163724',NULL,'Mouse Galos ','Mouse Inalambrico Color Azul','Xtech',1,65.00,35.00,30.00,'0.jpg'),('798422163730',NULL,'Mouse Inalambrico GALOS 310 ','Color Verde, Inalambrico','Xtech',2,65.00,33.00,32.00,'0.jpg'),('798424163752',NULL,'Mouse Corsica 320','Inalambrico, 2.4 Ghz, Resolución 1600, PC & MAC','Xtech',0,90.00,55.00,35.00,'0.jpg'),('798427163780',NULL,'VORACIS ','Auriculares XTH500','Xtech',0,130.00,70.00,60.00,'0.jpg'),('798460164119',NULL,'ComboTeclado y Mouse','Multimedia de tamaño compacto,  Inalambrico','Xtech',0,150.00,101.00,49.00,'0.jpg'),('811176000165',NULL,'Limpia Contacto  ','Limpia contacto ','SABO',2,100.00,45.00,55.00,'0.jpg'),('8124730040',NULL,'LCD USB','Cargador Universal','MC',1,35.00,15.00,20.00,'0.jpg'),('816496012706',NULL,'Teclado y Mouse','Inalambricos, Combo, Receptor Nano, PC Mac Compatible','Durabrand',0,175.00,100.00,75.00,'0.jpg'),('818652012872',NULL,'Cable UTP','UTP CATEGORIA 6 Sertificado ','NewLink',293,7.00,3.00,4.00,'0.jpg'),('848958032991',NULL,'Telefono Blu Bold ','Tank Mega ','Blu Bold Like Us ',1,350.00,300.00,50.00,'0.jpg'),('850000711518',NULL,'Celular SKY','Elite T4 Color Gold','SKY',2,300.00,220.00,80.00,'0.jpg'),('852215008278',NULL,'Elite 5T','Telefono Tactil','Sky Devices ',1,500.00,420.00,80.00,'0.jpg'),('8569833654610',NULL,'Cargador de Iphone ','Cargador Iphone Diferente Color ','PD',4,55.00,25.00,30.00,'0.jpg'),('8569833681395',NULL,'Cargador Tipo C','Cargador de 5.1A','FAST CHARGER',4,55.00,25.00,30.00,'0.jpg'),('859184004010',NULL,'Fashion Phone ','Sujetador para telefono','FASHION PHONE ',9,20.00,10.00,10.00,'0.jpg'),('8801643822019',NULL,'Telefono A50','A50 Colo Negro ','Samsung',0,2500.00,2175.00,325.00,'0.jpg'),('8801643845940',NULL,'Telefono J2 Core ','J2 Core Color Negro ','Samsung',0,609.00,700.00,91.00,'0.jpg'),('8801643845995',NULL,'Telefono J2 core','J2 core Color Lavender','Samsung',1,700.00,609.00,91.00,'0.jpg'),('8801643987480',NULL,'Telefono A70 ','A70','Samsung',0,2610.00,3000.00,390.00,'0.jpg'),('8806085692701',NULL,'Audifonos SAMSUNG','Auriculares Blancos','SAMSUNG ',3,75.00,49.00,26.00,'0.jpg'),('8806086511162',NULL,'Cargador Tipo C','Cargador tipo C Color Negro ','Travel Adapter',4,36.00,75.00,39.00,'0.jpg'),('8806088359502  ',NULL,'Traveladapter ','Cargar de 25w','Samsung',4,75.00,38.00,37.00,'0.jpg'),('8806090039355',NULL,'Telefono A10s','A10s','Samsung',0,870.00,1000.00,130.00,'0.jpg'),('8806090100727',NULL,'Samsung A30s','Samsung A30S','SAMSUNG',0,2000.00,2000.00,2000.00,'0.jpg'),('885370736151',NULL,'Mouse Microsoft ','Mouse inalambrico Color Azul','Microsoft',1,150.00,79.00,71.00,'0.jpg'),('885370736250',NULL,'Mouse Microsoft','Mouse Inalambrico Color Rosa Claro ','Microsoft',1,150.00,80.00,70.00,'0.jpg'),('885370736359',NULL,'Mouse Microsoft ','Mouse Inalambrico, Color Rojo','Microsoft',0,150.00,79.00,71.00,'0.jpg'),('885370891584',NULL,'Mouse Microsoft','Mouse Inalambrico Color Celeste ','Microsoft',1,150.00,80.00,70.00,'0.jpg'),('885370891669',NULL,'Mouse Microsoft','Mouse Inalambrico Color Rosa','Microsoft',1,150.00,80.00,70.00,'0.jpg'),('886112670115',NULL,'Cartucho HP','Cartucho 662 de color Negro ','HP',1,100.00,84.00,16.00,'0.jpg'),('886112670122',NULL,'Cartucho HP','Cartucho 622 de Tri-Color ','HP',1,100.00,84.00,16.00,'0.jpg'),('887111252692',NULL,'Cartucho 932XL','Cartucho color negro ADONIAS','HP',2,350.00,100.00,250.00,'0.jpg'),('887111252708',NULL,'Cartucho 933XL','Cartucho color Azul ADONIAS ','HP',1,215.00,100.00,115.00,'0.jpg'),('887111252722',NULL,'Cartucho 933XL','Cartuchpo de color Amarillo ADONIAS ','HP',1,215.00,100.00,115.00,'0.jpg'),('889894803603',NULL,'Monitor Hp ','Monitor Hp 19 Pulgadas ','HP',1,750.00,524.00,226.00,'0.jpg'),('9536000010101',NULL,'Traveladapter ','Cargador Tipo C 25w  ','Samsung',4,75.00,30.00,45.00,'0.jpg'),('95592000632',NULL,'Video Valun','video Valun','variado ',0,23.00,20.00,3.00,'0.jpg'),('993574103',NULL,'Clabe USB','Cable tipo Militar','Desconocido',1,15.00,10.00,5.00,'0.jpg'),('9993571240',NULL,'Cable USB','cable color rojo V8','Desconocido',1,15.00,5.00,10.00,'0.jpg'),('A12345678A',NULL,'Foldable Bluetooth','Foldable Bluetooth','F66',1,250.00,150.00,100.00,'0.jpg'),('AGR1010',NULL,'Caja de Registro ','Caja tibox ip66 ','TIBOX ',25,30.00,18.00,12.00,'0.jpg'),('ELECON102018101',NULL,'Ponchadora','Ponchadora de 3 pines ','ELE-GATE',1,100.00,55.00,45.00,'0.jpg'),('HQ60180049000',NULL,'Motorola ','Motog6','Motorola',1,1000.00,920.00,80.00,'0.jpg'),('I41026028',NULL,'Celular modeloc450','4Gb Ram','Zelu',0,499.00,399.00,100.00,'I41026028.jpg');
/*!40000 ALTER TABLE `producto` ENABLE KEYS */;
UNLOCK TABLES;

--
-- Table structure for table `usuario`
--

DROP TABLE IF EXISTS `usuario`;
/*!40101 SET @saved_cs_client     = @@character_set_client */;
/*!40101 SET character_set_client = utf8 */;
CREATE TABLE `usuario` (
  `COD_USU` int(11) NOT NULL,
  `NOMBRE` varchar(150) COLLATE utf8_spanish_ci DEFAULT NULL,
  `USUARIO` varchar(150) COLLATE utf8_spanish_ci DEFAULT NULL,
  `CONTRASENA` varchar(150) COLLATE utf8_spanish_ci DEFAULT NULL,
  `NIVEL` int(11) DEFAULT NULL,
  PRIMARY KEY (`COD_USU`)
) ENGINE=InnoDB DEFAULT CHARSET=utf8 COLLATE=utf8_spanish_ci;
/*!40101 SET character_set_client = @saved_cs_client */;

--
-- Dumping data for table `usuario`
--

LOCK TABLES `usuario` WRITE;
/*!40000 ALTER TABLE `usuario` DISABLE KEYS */;
INSERT INTO `usuario` VALUES (1,'Administrador General','Admin','1532666',1),(2,'Alexandra','teek2019','2019',2),(3,'Diego Raymundo','Tek ','Introducirte',3),(4,'Alejandro Raymundo','Teek2020','2020',3),(5,'La`smatom Raymundo','Las','raymundo999',3);
/*!40000 ALTER TABLE `usuario` ENABLE KEYS */;
UNLOCK TABLES;

--
-- Table structure for table `venta`
--

DROP TABLE IF EXISTS `venta`;
/*!40101 SET @saved_cs_client     = @@character_set_client */;
/*!40101 SET character_set_client = utf8 */;
CREATE TABLE `venta` (
  `COMPROBANTE` int(11) NOT NULL,
  `COD_USU` int(11) DEFAULT NULL,
  `COD_CLI` varchar(8) COLLATE utf8_spanish_ci DEFAULT NULL,
  `ESTADO` varchar(20) COLLATE utf8_spanish_ci DEFAULT NULL,
  `FECHA` date DEFAULT NULL,
  `TIPO` varchar(20) COLLATE utf8_spanish_ci DEFAULT NULL,
  PRIMARY KEY (`COMPROBANTE`),
  KEY `FK_REFERENCE_3` (`COD_USU`),
  KEY `FK_REFERENCE_4` (`COD_CLI`),
  CONSTRAINT `FK_REFERENCE_3` FOREIGN KEY (`COD_USU`) REFERENCES `usuario` (`COD_USU`),
  CONSTRAINT `FK_REFERENCE_4` FOREIGN KEY (`COD_CLI`) REFERENCES `cliente` (`COD_CLI`)
) ENGINE=InnoDB DEFAULT CHARSET=utf8 COLLATE=utf8_spanish_ci;
/*!40101 SET character_set_client = @saved_cs_client */;

--
-- Dumping data for table `venta`
--

LOCK TABLES `venta` WRITE;
/*!40000 ALTER TABLE `venta` DISABLE KEYS */;
INSERT INTO `venta` VALUES (1,2,'1','activo','2019-12-19','Contado'),(2,2,'1','activo','2019-12-19','Contado'),(3,2,'1','activo','2019-12-21','Contado'),(4,2,'1','activo','2019-12-21','Contado'),(5,2,'1','activo','2019-12-23','Contado'),(6,2,'1','activo','2019-12-23','Contado'),(7,2,'1','activo','2019-12-23','Contado'),(8,2,'1','activo','2019-12-23','Contado'),(9,2,'1','activo','2019-12-27','Contado'),(10,2,'1','activo','2019-12-27','Contado'),(11,2,'3','activo','2019-12-28','Credito'),(12,2,'1','activo','2019-12-28','Contado'),(13,2,'1','activo','2019-12-28','Contado'),(14,2,'1','activo','2019-12-28','Contado'),(15,2,'1','activo','2019-12-29','Contado'),(16,2,'1','activo','2020-01-16','Contado'),(17,2,'1','activo','2020-01-16','Contado'),(18,2,'1','activo','2020-01-16','Contado'),(19,2,'1','activo','2020-01-16','Contado'),(20,2,'1','activo','2020-01-17','Contado'),(21,2,'1','activo','2020-01-17','Contado'),(22,2,'1','activo','2020-01-17','Contado'),(23,2,'1','activo','2020-01-18','Contado'),(24,2,'1','activo','2020-01-18','Contado'),(25,2,'1','activo','2020-01-18','Contado'),(26,2,'1','activo','2020-01-21','Contado'),(27,2,'1','activo','2020-01-22','Contado'),(28,2,'1','activo','2020-01-22','Contado'),(29,2,'1','activo','2020-01-23','Contado'),(30,2,'1','activo','2020-01-23','Contado'),(31,2,'1','activo','2020-01-24','Contado'),(32,2,'1','activo','2020-01-24','Contado'),(33,2,'1','activo','2020-01-24','Contado'),(34,2,'1','activo','2020-01-24','Contado'),(35,2,'1','activo','2020-01-25','Contado'),(36,1,'4','activo','2020-01-25','Credito'),(37,1,'1','activo','2020-01-25','Contado'),(38,1,'5','activo','2020-01-25','Credito'),(39,1,'7','activo','2020-01-25','Credito'),(40,1,'1','activo','2020-01-25','Contado'),(41,1,'1','activo','2020-01-25','Contado'),(42,1,'1','activo','2020-01-25','Contado'),(43,5,'1','activo','2020-01-26','Contado'),(44,5,'1','activo','2020-01-26','Contado'),(45,5,'1','activo','2020-01-26','Contado'),(46,2,'1','activo','2020-01-27','Contado'),(47,2,'1','activo','2020-01-27','Contado'),(48,2,'8','activo','2020-01-27','Credito'),(49,2,'1','activo','2020-01-27','Contado'),(50,2,'4','activo','2020-01-27','Credito'),(51,4,'1','activo','2020-01-28','Contado'),(52,2,'1','activo','2020-01-28','Contado'),(53,5,'1','activo','2020-01-29','Contado'),(54,5,'1','activo','2020-01-29','Contado'),(55,5,'1','activo','2020-01-29','Contado'),(56,5,'1','activo','2020-01-29','Contado'),(57,5,'1','activo','2020-01-31','Contado'),(58,4,'5','activo','2020-01-31','Credito'),(59,5,'1','activo','2020-01-31','Contado'),(60,4,'1','activo','2020-02-01','Contado'),(61,4,'1','activo','2020-02-01','Contado'),(62,2,'1','activo','2020-02-01','Contado'),(63,2,'1','activo','2020-02-01','Contado'),(64,2,'1','activo','2020-02-03','Contado'),(65,2,'1','activo','2020-02-03','Contado'),(66,4,'1','activo','2020-02-03','Contado'),(67,4,'1','activo','2020-02-03','Contado'),(68,4,'1','activo','2020-02-03','Contado'),(69,2,'1','activo','2020-02-04','Contado'),(70,2,'1','activo','2020-02-04','Contado'),(71,2,'1','activo','2020-02-04','Contado'),(72,2,'1','activo','2020-02-04','Contado'),(73,2,'9','activo','2020-02-05','Credito'),(74,2,'1','activo','2020-02-05','Contado'),(75,2,'1','activo','2020-02-05','Contado'),(76,2,'1','activo','2020-02-06','Contado'),(77,4,'1','activo','2020-02-06','Contado'),(78,4,'1','activo','2020-02-06','Contado'),(79,4,'1','activo','2020-02-06','Contado'),(80,4,'1','activo','2020-02-06','Contado'),(81,2,'1','activo','2020-02-07','Contado'),(82,2,'1','activo','2020-02-07','Contado'),(83,2,'1','activo','2020-02-08','Contado'),(84,2,'1','activo','2020-02-08','Contado'),(85,2,'1','activo','2020-02-10','Contado'),(86,2,'1','activo','2020-02-10','Contado'),(87,2,'1','activo','2020-02-10','Contado'),(88,2,'1','activo','2020-02-10','Contado'),(89,2,'1','activo','2020-02-10','Contado'),(90,2,'1','activo','2020-02-10','Contado'),(91,2,'1','activo','2020-02-10','Contado'),(92,2,'1','activo','2020-02-10','Contado'),(93,2,'1','activo','2020-02-17','Contado'),(94,2,'1','activo','2020-02-17','Contado'),(95,2,'10','activo','2020-02-18','Credito'),(96,2,'1','activo','2020-02-18','Contado'),(97,2,'1','activo','2020-02-18','Contado'),(98,2,'1','activo','2020-02-18','Contado'),(99,2,'1','activo','2020-02-18','Contado'),(100,2,'1','activo','2020-02-19','Contado'),(101,2,'1','activo','2020-02-19','Contado'),(102,2,'1','activo','2020-02-19','Contado'),(103,2,'1','activo','2020-02-19','Contado'),(104,2,'1','activo','2020-02-20','Contado'),(105,2,'1','activo','2020-02-20','Contado'),(106,2,'1','activo','2020-02-20','Contado'),(107,2,'1','activo','2020-02-21','Contado'),(108,2,'11','activo','2020-02-21','Credito'),(109,2,'1','activo','2020-02-22','Contado'),(110,2,'1','activo','2020-02-22','Contado'),(111,2,'1','activo','2020-02-22','Contado'),(112,2,'1','activo','2020-02-22','Contado'),(113,2,'1','activo','2020-02-27','Contado'),(114,2,'1','activo','2020-02-27','Contado'),(115,2,'1','activo','2020-02-27','Contado'),(116,2,'1','activo','2020-02-27','Contado'),(117,2,'1','activo','2020-02-27','Contado'),(118,2,'1','activo','2020-02-27','Contado'),(119,2,'1','activo','2020-02-27','Contado'),(120,2,'1','activo','2020-02-27','Contado'),(121,2,'1','activo','2020-02-27','Contado'),(122,2,'1','activo','2020-02-27','Contado'),(123,2,'1','activo','2020-02-27','Contado'),(124,2,'12','activo','2020-02-27','Credito'),(125,2,'1','activo','2020-02-27','Contado'),(126,2,'1','activo','2020-02-27','Contado'),(127,2,'1','activo','2020-02-28','Contado'),(128,2,'1','activo','2020-02-28','Contado'),(129,2,'1','activo','2020-02-28','Contado'),(130,2,'1','activo','2020-02-28','Contado'),(131,2,'1','activo','2020-02-29','Contado'),(132,2,'1','activo','2020-02-29','Contado'),(133,2,'1','activo','2020-03-01','Contado'),(134,2,'1','activo','2020-03-01','Contado'),(135,2,'1','activo','2020-03-02','Contado'),(136,2,'1','activo','2020-03-02','Contado'),(137,2,'1','activo','2020-03-02','Contado'),(138,2,'1','activo','2020-03-02','Contado'),(139,2,'1','activo','2020-03-03','Contado'),(140,2,'1','activo','2020-03-03','Contado'),(141,2,'1','activo','2020-03-03','Contado'),(142,2,'1','activo','2020-03-03','Contado'),(143,2,'1','activo','2020-03-03','Contado'),(144,2,'13','activo','2020-03-03','Credito'),(145,2,'1','activo','2020-03-04','Contado'),(146,2,'1','activo','2020-03-06','Contado'),(147,2,'1','activo','2020-03-06','Contado'),(148,2,'1','activo','2020-03-06','Contado'),(149,2,'1','activo','2020-03-11','Contado'),(150,2,'14','activo','2020-03-11','Credito'),(151,2,'1','activo','2020-03-12','Contado'),(152,2,'12','activo','2020-03-12','Credito'),(153,2,'1','activo','2020-03-12','Contado'),(154,2,'1','activo','2020-03-13','Contado'),(155,2,'1','activo','2020-03-13','Contado'),(156,2,'1','activo','2020-03-13','Contado'),(157,2,'1','activo','2020-03-13','Contado'),(158,2,'1','activo','2020-03-13','Contado'),(159,2,'1','activo','2020-03-16','Contado'),(160,2,'1','activo','2020-03-16','Contado'),(161,2,'1','activo','2020-03-16','Contado'),(162,2,'12','activo','2020-03-16','Credito'),(163,2,'1','activo','2020-03-16','Contado'),(164,2,'1','activo','2020-03-30','Contado'),(165,2,'1','activo','2020-04-01','Contado'),(166,2,'1','activo','2020-04-01','Contado'),(167,2,'1','activo','2020-04-02','Contado'),(168,2,'15','activo','2020-04-03','Credito'),(169,2,'1','activo','2020-04-03','Contado'),(170,2,'1','activo','2020-04-13','Contado'),(171,2,'7','activo','2020-04-16','Credito'),(172,2,'1','activo','2020-04-16','Contado'),(173,2,'1','activo','2020-05-04','Contado'),(174,2,'1','activo','2020-05-04','Contado'),(175,2,'1','activo','2020-05-04','Contado'),(176,2,'1','activo','2020-05-06','Contado'),(177,2,'1','activo','2020-05-06','Contado'),(178,2,'1','activo','2020-05-06','Contado'),(179,2,'1','activo','2020-05-07','Contado'),(180,2,'1','activo','2020-05-08','Contado'),(181,2,'1','activo','2020-05-09','Contado'),(182,2,'1','activo','2020-05-09','Contado'),(183,2,'1','activo','2020-05-09','Contado'),(184,2,'1','activo','2020-05-09','Contado'),(185,2,'1','activo','2020-05-11','Contado'),(186,2,'1','activo','2020-05-11','Contado'),(187,2,'1','activo','2020-05-11','Contado'),(188,2,'1','activo','2020-05-13','Contado'),(189,2,'1','activo','2020-05-13','Contado'),(190,2,'1','activo','2020-05-13','Contado'),(191,2,'1','activo','2020-05-14','Contado'),(192,2,'1','activo','2020-05-14','Contado'),(193,2,'1','activo','2020-05-18','Contado'),(194,2,'1','activo','2020-05-18','Contado'),(195,2,'1','activo','2020-05-18','Contado'),(196,2,'1','activo','2020-05-19','Contado'),(197,2,'1','activo','2020-05-19','Contado'),(198,2,'1','activo','2020-05-19','Contado'),(199,2,'1','activo','2020-05-19','Contado'),(200,2,'1','activo','2020-05-20','Contado'),(201,2,'1','activo','2020-05-22','Contado'),(202,2,'1','activo','2020-05-26','Contado'),(203,2,'16','activo','2020-05-26','Credito'),(204,2,'1','activo','2020-05-27','Contado'),(205,2,'1','activo','2020-05-27','Contado'),(206,2,'1','activo','2020-05-27','Contado'),(207,2,'1','activo','2020-05-27','Contado'),(208,2,'1','activo','2020-05-29','Contado'),(209,2,'1','activo','2020-06-02','Contado'),(210,2,'1','activo','2020-06-10','Contado'),(211,2,'1','activo','2020-06-10','Contado'),(212,2,'17','activo','2020-06-11','Credito'),(213,2,'1','activo','2020-10-29','Contado');
/*!40000 ALTER TABLE `venta` ENABLE KEYS */;
UNLOCK TABLES;

--
-- Table structure for table `ventadetalle`
--

DROP TABLE IF EXISTS `ventadetalle`;
/*!40101 SET @saved_cs_client     = @@character_set_client */;
/*!40101 SET character_set_client = utf8 */;
CREATE TABLE `ventadetalle` (
  `COD_DETALLE` int(11) NOT NULL,
  `COMPROBANTE` int(11) DEFAULT NULL,
  `CODIGO_P` varchar(15) CHARACTER SET utf8 COLLATE utf8_bin DEFAULT NULL,
  `PRECIO` decimal(8,2) DEFAULT NULL,
  `CANTIDAD` int(11) DEFAULT NULL,
  PRIMARY KEY (`COD_DETALLE`),
  KEY `FK_REFERENCE_13` (`CODIGO_P`),
  KEY `FK_REFERENCE_2` (`COMPROBANTE`),
  CONSTRAINT `FK_REFERENCE_13` FOREIGN KEY (`CODIGO_P`) REFERENCES `producto` (`CODIGO_P`),
  CONSTRAINT `FK_REFERENCE_2` FOREIGN KEY (`COMPROBANTE`) REFERENCES `venta` (`COMPROBANTE`)
) ENGINE=InnoDB DEFAULT CHARSET=utf8 COLLATE=utf8_spanish_ci;
/*!40101 SET character_set_client = @saved_cs_client */;

--
-- Dumping data for table `ventadetalle`
--

LOCK TABLES `ventadetalle` WRITE;
/*!40000 ALTER TABLE `ventadetalle` DISABLE KEYS */;
INSERT INTO `ventadetalle` VALUES (1,1,'798420163718',65.00,1),(2,2,'798420163718',65.00,1),(3,3,'740617274646',65.00,1),(4,4,'798302161825',50.00,1),(5,5,'740617220445',35.00,1),(6,6,'740617220445',35.00,1),(7,7,'798412163634',125.00,1),(8,8,'885370736151',140.00,1),(9,9,'6925281919053',150.00,1),(10,10,'619659163372',80.00,1),(11,11,'8806090100727',2000.00,1),(12,12,'588003973115',195.00,3),(13,13,'050036355469',95.00,1),(14,14,'8806090039355',1000.00,1),(15,15,'1512161700',125.00,1),(16,16,'798460164119',150.00,1),(17,17,'798401163522',125.00,1),(18,18,'798302162204',35.00,1),(19,19,'798302165014',50.00,1),(20,20,'798302107434',50.00,1),(21,20,'798302162037',350.00,1),(22,21,'798302107434',50.00,1),(23,21,'798302162037',350.00,1),(24,22,'740617274707',80.00,1),(25,23,'798302071810',170.00,1),(26,24,'798302070967',60.00,1),(27,25,'798302071087',350.00,1),(28,26,'798302107434',35.00,1),(29,26,'798302162037',280.00,1),(30,27,'740617274769',140.00,1),(31,28,'6902130638280',45.00,1),(32,29,'798302071797',130.00,1),(33,30,'798302107434',35.00,1),(34,30,'798302162037',270.00,1),(35,30,'798302161849',40.00,1),(36,31,'031262087409',300.00,1),(37,32,'798302167032',40.00,1),(38,33,'6925281950148',150.00,1),(39,34,'740617128147',50.00,1),(40,35,'588003973115',175.00,1),(41,36,'193808511264',2400.00,1),(42,37,'8806090039355',1000.00,1),(43,38,'010343888319',80.00,1),(44,38,'798302074828',80.00,1),(45,39,'013803259018',90.00,1),(46,39,'013803259032',90.00,1),(47,39,'013803258998',90.00,1),(48,39,'013803268201',90.00,1),(49,39,'100',40.00,1),(50,40,'100',50.00,1),(51,41,'100',25.00,1),(52,42,'010343943735',1300.00,1),(53,43,'29',30.00,1),(54,44,'798302071797',120.00,1),(55,45,'100',25.00,1),(56,46,'06',30.00,1),(57,46,'36',35.00,1),(58,47,'798302071810',175.00,1),(59,47,'100',25.00,1),(60,48,'010343943735',1350.00,1),(61,49,'11',20.00,1),(62,50,'8806090039355',1000.00,1),(63,51,'6968992886863',30.00,1),(64,52,'6925871666565',40.00,1),(65,53,'36',30.00,1),(66,54,'100',4.00,1),(67,55,'8806088359502  ',70.00,1),(68,56,'100',25.00,1),(69,57,'740617298697',100.00,1),(70,58,'798302076112',80.00,1),(71,59,'8806088359502  ',75.00,1),(72,60,'798302055971',100.00,1),(73,61,'798302167155',25.00,1),(74,62,'798302161733',280.00,1),(75,63,'07',20.00,1),(76,63,'798302161733',300.00,1),(77,64,'300',40.00,1),(78,65,'9536000010101',60.00,1),(79,66,'6925871643283',100.00,1),(80,67,'100',5.00,1),(81,68,'798420163718',50.00,1),(82,69,'798302161825',55.00,1),(83,70,'6925871666565',40.00,1),(84,71,'4712847095212',70.00,1),(85,72,'588003973115',175.00,1),(86,73,'588003973115',175.00,1),(87,74,'200',20.00,1),(88,75,'200',20.00,1),(89,75,'48',30.00,1),(90,76,'619659091392',60.00,1),(91,77,'190780132524',85.00,1),(92,77,'190780132548',85.00,1),(93,77,'190780132562',85.00,1),(94,77,'190780132586',85.00,1),(95,78,'25000',1300.00,1),(96,79,'798302034129',90.00,1),(97,80,'740617298697',150.00,1),(98,81,'740617128147',50.00,1),(99,82,'798302077348',130.00,1),(100,83,'8806088359502  ',60.00,1),(101,83,'200',20.00,1),(102,83,'16',30.00,1),(103,84,'50',35.00,1),(104,85,'885370736359',140.00,1),(105,86,'798302161733',280.00,1),(106,86,'798302107434',35.00,1),(107,86,'798302161825',50.00,1),(108,87,'798302071766',165.00,1),(109,88,'588003973115',180.00,1),(110,89,'1512161700',90.00,1),(111,90,'100',170.00,1),(112,91,'010343885325',80.00,1),(113,91,'010343885318',80.00,1),(114,91,'010343885301',80.00,1),(115,92,'300',35.00,1),(116,93,'15',30.00,1),(117,94,'6954851278900',35.00,1),(118,95,'740617128147',50.00,1),(119,95,'050036355469',95.00,1),(120,96,'1512161700',80.00,1),(121,97,'885370736250',150.00,1),(122,98,'10',35.00,1),(123,98,'300',35.00,1),(124,99,'300',35.00,1),(125,100,'8806088359502  ',60.00,1),(126,101,'0060',15.00,6),(127,102,'300',30.00,1),(128,103,'200',15.00,1),(129,104,'6949513265114',30.00,1),(130,105,'200',25.00,1),(131,105,'07',35.00,1),(132,106,'798302161849',40.00,1),(133,107,'200',20.00,1),(134,108,'050036355469',85.00,1),(135,109,'798302010369',35.00,2),(136,109,'798302161733',280.00,2),(137,109,'798302161825',50.00,1),(138,110,'4549292055191',300.00,1),(139,111,'740617255638',65.00,1),(140,112,'200',20.00,1),(141,112,'100',25.00,1),(142,113,'588003973115',190.00,1),(143,114,'588003973115',175.00,1),(144,115,'6925871636292',300.00,1),(145,116,'818652012872',5.00,7),(146,117,'8806090039355',1000.00,1),(147,118,'06',30.00,1),(148,118,'200',20.00,1),(149,119,'798302010369',40.00,1),(150,120,'36',30.00,1),(151,121,'010343941977',85.00,1),(152,122,'798302161733',280.00,1),(153,123,'18',30.00,1),(154,123,'300',30.00,1),(155,124,'8806090039355',1000.00,1),(156,125,'798302072152',100.00,1),(157,126,'06',30.00,1),(158,126,'300',20.00,1),(159,127,'8806088359502  ',60.00,1),(160,128,'200',25.00,1),(161,129,'300',25.00,1),(162,130,'588003973115',175.00,1),(163,131,'097855088741',85.00,1),(164,132,'39',30.00,1),(165,133,'798302167032',40.00,1),(166,133,'798302161733',280.00,1),(167,133,'798302107434',35.00,2),(168,133,'798302161788',140.00,1),(169,134,'00006652',25.00,2),(170,134,'95592000632',23.00,10),(171,135,'798302167193',30.00,1),(172,135,'798302167032',40.00,1),(173,136,'38',30.00,1),(174,137,'798302076105',80.00,1),(175,138,'6954851289470',30.00,1),(176,139,'6925871642859',150.00,1),(177,140,'6949513265114',30.00,1),(178,141,'599413',250.00,1),(179,142,'588003973115',175.00,1),(180,143,'588003973115',175.00,1),(181,144,'798302077515',500.00,1),(182,145,'08',35.00,1),(183,145,'300',35.00,1),(184,145,'200',25.00,1),(185,146,'619659066888',75.00,1),(186,147,'050036355469',90.00,1),(187,148,'07',30.00,1),(188,148,'200',20.00,1),(189,148,'619659142032',90.00,1),(190,149,'798302167117',35.00,1),(191,150,'6925871636308',350.00,1),(192,151,'798302161757',50.00,1),(193,151,'798302161733',280.00,1),(194,151,'798302161733',280.00,1),(195,151,'798302107434',35.00,1),(196,152,'050036355483',85.00,1),(197,153,'6954851278900',35.00,1),(198,154,'050036355483',80.00,1),(199,155,'6954851289470',35.00,1),(200,156,'619659163372',80.00,1),(201,157,'588003973115',190.00,1),(202,158,'798460164119',140.00,1),(203,159,'850000711518',220.00,1),(204,159,'201910190003510',220.00,1),(205,159,'8801643845940',609.00,1),(206,159,'8806090039355',870.00,1),(207,160,'798302161733',280.00,1),(208,161,'798302107434',40.00,1),(209,161,'798302107434',40.00,1),(210,162,'798302077515',500.00,1),(211,163,'200',20.00,1),(212,163,'15',30.00,1),(213,164,'0010',15.00,1),(214,165,'050036355469',85.00,1),(215,166,'740617128147',50.00,1),(216,167,'619659066888',50.00,1),(217,168,'8801643822019',2500.00,1),(218,169,'6925871666237',45.00,1),(219,170,'718037855448',550.00,1),(220,170,'8806088359502  ',60.00,1),(221,171,'798424163752',90.00,1),(222,172,'740617298680',80.00,1),(223,173,'6925871666237',35.00,1),(224,174,'740617255638',75.00,1),(225,175,'6902130638259',50.00,1),(226,176,'798302055858',150.00,1),(227,177,'740617128147',50.00,1),(228,178,'200',25.00,1),(229,179,'588003973115',195.00,1),(230,180,'740617220452',70.00,1),(231,181,'00006652',25.00,2),(232,182,'00033626415',40.00,2),(233,183,'0013',25.00,2),(234,184,'740617298680',90.00,1),(235,185,'200',20.00,1),(236,185,'48',30.00,1),(237,185,'36',30.00,1),(238,185,'8806086511162',60.00,1),(239,186,'001012805615',60.00,1),(240,187,'190780030240',100.00,1),(241,188,'740617255638',70.00,1),(242,189,'740617128147',45.00,1),(243,190,'798302077973',130.00,1),(244,191,'740617297300',70.00,1),(245,192,'740617297300',70.00,1),(246,193,'798460164119',150.00,1),(247,194,'798302161733',325.00,1),(248,195,'798302161641',85.00,1),(249,196,'798427163780',110.00,1),(250,197,'8124730040',30.00,1),(251,198,'740617220476',130.00,1),(252,199,'740617298680',75.00,1),(253,200,'2488254785788',35.00,1),(254,201,'619659102135',70.00,1),(255,201,'798302077515',430.00,1),(256,202,'6954851235491',30.00,1),(257,203,'798302168008',85.00,1),(258,203,'100',90.00,1),(259,204,'740617220452',60.00,1),(260,205,'46 ',35.00,1),(261,206,'6925871666237',35.00,1),(262,207,'798302034129',90.00,1),(263,208,'050036355483',95.00,1),(264,209,'2488254785788',30.00,1),(265,210,'798302076105',80.00,1),(266,211,'6954851235491',30.00,1),(267,212,'723755127548',700.00,1),(268,213,'45',35.00,1);
/*!40000 ALTER TABLE `ventadetalle` ENABLE KEYS */;
UNLOCK TABLES;
/*!40103 SET TIME_ZONE=@OLD_TIME_ZONE */;

/*!40101 SET SQL_MODE=@OLD_SQL_MODE */;
/*!40014 SET FOREIGN_KEY_CHECKS=@OLD_FOREIGN_KEY_CHECKS */;
/*!40014 SET UNIQUE_CHECKS=@OLD_UNIQUE_CHECKS */;
/*!40101 SET CHARACTER_SET_CLIENT=@OLD_CHARACTER_SET_CLIENT */;
/*!40101 SET CHARACTER_SET_RESULTS=@OLD_CHARACTER_SET_RESULTS */;
/*!40101 SET COLLATION_CONNECTION=@OLD_COLLATION_CONNECTION */;
/*!40111 SET SQL_NOTES=@OLD_SQL_NOTES */;

-- Dump completed on 2020-10-29 17:44:17
